"parent","child"
"k__Bacteria","p__Firmicutes"
"k__Bacteria","p__Actinobacteria"
"k__Bacteria","p__Proteobacteria"
"k__Bacteria","p__Bacteroidetes"
"k__Bacteria","p__Lentisphaerae"
"k__Bacteria","p__Tenericutes"
"k__Bacteria","p__Fusobacteria"
"k__Bacteria","p__Synergistetes"
"k__Bacteria","p__Verrucomicrobia"
"k__Bacteria","p__Spirochaetes"
"k__Bacteria","p__Gemmatimonadetes"
"k__Bacteria","p__Acidobacteria"
"k__Bacteria","p__Cyanobacteria"
"k__Bacteria","p__Chlorobi"
"k__Bacteria","p__Thermi"
"k__Bacteria","p__TM7"
"k__Bacteria","p__Chloroflexi"
"k__Bacteria","p__Armatimonadetes"
"k__Bacteria","p__SR1"
"k__Bacteria","p__Elusimicrobia"
"k__Bacteria","p__Planctomycetes"
"k__Bacteria","p__Thermotogae"
"k__Bacteria","p__WPS-2"
"k__Bacteria","p__Chlamydiae"
"k__Bacteria","p__Aquificae"
"p__Acidobacteria","c__Chloracidobacteria"
"p__Acidobacteria","c__Acidobacteria"
"p__Acidobacteria","c__Acidobacteria-6"
"p__Acidobacteria","c__Solibacteres"
"p__Acidobacteria","c__Sva0725"
"p__Acidobacteria","c__Holophagae"
"p__Acidobacteria","c__Acidobacteria-5"
"p__Actinobacteria","c__Actinobacteria"
"p__Actinobacteria","c__Thermoleophilia"
"p__Actinobacteria","c__Nitriliruptoria"
"p__Actinobacteria","c__Acidimicrobiia"
"p__Actinobacteria","c__Rubrobacteria"
"p__Aquificae","c__Aquificae"
"p__Armatimonadetes","c__Fimbriimonadetes"
"p__Armatimonadetes","c__Armatimonadia"
"p__Armatimonadetes","c__Chthonomonadetes"
"p__Bacteroidetes","c__Bacteroidia"
"p__Bacteroidetes","c__Sphingobacteriia"
"p__Bacteroidetes","c__Flavobacteriia"
"p__Bacteroidetes","c__VC2_1_Bac22"
"p__Chlamydiae","c__Chlamydiia"
"p__Chlorobi","c__OPB56"
"p__Chlorobi","c__SJA-28"
"p__Chlorobi","c__Ignavibacteria"
"p__Chloroflexi","c__Thermomicrobia"
"p__Chloroflexi","c__Anaerolineae"
"p__Cyanobacteria","c__Chloroplast"
"p__Cyanobacteria","c__4C0d-2"
"p__Cyanobacteria","c__Synechococcophycideae"
"p__Cyanobacteria","c__Oscillatoriophycideae"
"p__Cyanobacteria","c__S15B-MN24"
"p__Elusimicrobia","c__Elusimicrobia"
"p__Firmicutes","c__Clostridia"
"p__Firmicutes","c__Bacilli"
"p__Firmicutes","c__Erysipelotrichi"
"p__Firmicutes","c__RF3"
"p__Firmicutes","c__CK-1C4-19"
"p__Fusobacteria","c__Fusobacteria"
"p__Gemmatimonadetes","c__Gemmatimonadetes"
"p__Gemmatimonadetes","c__Gemm-3"
"p__Gemmatimonadetes","c__Gemm-5"
"p__Lentisphaerae","c__Lentisphaeria"
"p__Planctomycetes","c__Planctomycetia"
"p__Planctomycetes","c__Phycisphaerae"
"p__Proteobacteria","c__Gammaproteobacteria"
"p__Proteobacteria","c__Alphaproteobacteria"
"p__Proteobacteria","c__Betaproteobacteria"
"p__Proteobacteria","c__Deltaproteobacteria"
"p__Proteobacteria","c__Epsilonproteobacteria"
"p__Spirochaetes","c__Brachyspirae"
"p__Spirochaetes","c__Spirochaetes"
"p__Synergistetes","c__Synergistia"
"p__Tenericutes","c__Mollicutes"
"p__Thermi","c__Deinococci"
"p__Thermotogae","c__Thermotogae"
"p__TM7","c__TM7-3"
"p__Verrucomicrobia","c__Verruco-5"
"p__Verrucomicrobia","c__Opitutae"
"p__Verrucomicrobia","c__Spartobacteria"
"p__Verrucomicrobia","c__Pedosphaerae"
"p__Verrucomicrobia","c__Verrucomicrobiae"
"c__4C0d-2","o__YS2"
"c__Acidimicrobiia","o__Acidimicrobiales"
"c__Acidobacteria","o__Acidobacteriales"
"c__Acidobacteria-6","o__iii1-15"
"c__Actinobacteria","o__Actinomycetales"
"c__Actinobacteria","o__Bifidobacteriales"
"c__Alphaproteobacteria","o__Rhizobiales"
"c__Alphaproteobacteria","o__Rhodospirillales"
"c__Alphaproteobacteria","o__Sphingomonadales"
"c__Alphaproteobacteria","o__Rhodobacterales"
"c__Alphaproteobacteria","o__Caulobacterales"
"c__Alphaproteobacteria","o__Ellin329"
"c__Alphaproteobacteria","o__Rickettsiales"
"c__Alphaproteobacteria","o__RF32"
"c__Alphaproteobacteria","o__BD7-3"
"c__Anaerolineae","o__Anaerolineales"
"c__Aquificae","o__Aquificales"
"c__Armatimonadia","o__Armatimonadales"
"c__Bacilli","o__Lactobacillales"
"c__Bacilli","o__Bacillales"
"c__Bacilli","o__Gemellales"
"c__Bacilli","o__Turicibacterales"
"c__Bacilli","o__Exiguobacterales"
"c__Bacilli","o__Herpetosiphonales"
"c__Bacilli","o__Thermicanales"
"c__Bacteroidia","o__Bacteroidales"
"c__Betaproteobacteria","o__Burkholderiales"
"c__Betaproteobacteria","o__SBla14"
"c__Betaproteobacteria","o__Rhodocyclales"
"c__Betaproteobacteria","o__Ellin6067"
"c__Betaproteobacteria","o__SC-I-84"
"c__Betaproteobacteria","o__Gallionellales"
"c__Betaproteobacteria","o__Neisseriales"
"c__Betaproteobacteria","o__Methylophilales"
"c__Betaproteobacteria","o__Nitrosomonadales"
"c__Betaproteobacteria","o__Thiobacterales"
"c__Betaproteobacteria","o__ASSO-13"
"c__Betaproteobacteria","o__BVC71"
"c__Betaproteobacteria","o__YCC11"
"c__Betaproteobacteria","o__Hydrogenophilales"
"c__Betaproteobacteria","o__Procabacteriales"
"c__Brachyspirae","o__Brachyspirales"
"c__Chlamydiia","o__Chlamydiales"
"c__Chloroplast","o__Chlorophyta"
"c__Chloroplast","o__Streptophyta"
"c__Chloroplast","o__Stramenopiles"
"c__Chthonomonadetes","o__Chthonomonadales"
"c__Clostridia","o__Clostridiales"
"c__Clostridia","o__Coriobacteriales"
"c__Clostridia","o__OPB54"
"c__Clostridia","o__MBA08"
"c__Clostridia","o__SHA-98"
"c__Deinococci","o__Thermales"
"c__Deinococci","o__Deinococcales"
"c__Deltaproteobacteria","o__Desulfovibrionales"
"c__Deltaproteobacteria","o__Desulfobacterales"
"c__Deltaproteobacteria","o__Bdellovibrionales"
"c__Deltaproteobacteria","o__Myxococcales"
"c__Deltaproteobacteria","o__Syntrophobacterales"
"c__Deltaproteobacteria","o__MIZ46"
"c__Deltaproteobacteria","o__Spirobacillales"
"c__Elusimicrobia","o__Elusimicrobiales"
"c__Epsilonproteobacteria","o__Campylobacterales"
"c__Erysipelotrichi","o__Erysipelotrichales"
"c__Fimbriimonadetes","o__Fimbriimonadales"
"c__Flavobacteriia","o__Flavobacteriales"
"c__Fusobacteria","o__Fusobacteriales"
"c__Gammaproteobacteria","o__Enterobacteriales"
"c__Gammaproteobacteria","o__Alteromonadales"
"c__Gammaproteobacteria","o__Chromatiales"
"c__Gammaproteobacteria","o__Pseudomonadales"
"c__Gammaproteobacteria","o__Pasteurellales"
"c__Gammaproteobacteria","o__Xanthomonadales"
"c__Gammaproteobacteria","o__Oceanospirillales"
"c__Gammaproteobacteria","o__Aeromonadales"
"c__Gammaproteobacteria","o__Legionellales"
"c__Gammaproteobacteria","o__Thiotrichales"
"c__Gammaproteobacteria","o__Methylococcales"
"c__Gammaproteobacteria","o__Vibrionales"
"c__Gammaproteobacteria","o__PYR10d3"
"c__Gammaproteobacteria","o__Cardiobacteriales"
"c__Gammaproteobacteria","o__HTCC2188"
"c__Gammaproteobacteria","o__Thiohalorhabdales"
"c__Gemmatimonadetes","o__Ellin5290"
"c__Gemmatimonadetes","o__Gemmatimonadales"
"c__Holophagae","o__Holophagales"
"c__Ignavibacteria","o__Ignavibacteriales"
"c__Lentisphaeria","o__Victivallales"
"c__Lentisphaeria","o__Z20"
"c__Mollicutes","o__RF39"
"c__Mollicutes","o__Anaeroplasmatales"
"c__Mollicutes","o__Mycoplasmatales"
"c__Mollicutes","o__Acholeplasmatales"
"c__Nitriliruptoria","o__Nitriliruptorales"
"c__Opitutae","o__Opitutales"
"c__Opitutae","o__Cerasicoccales"
"c__Oscillatoriophycideae","o__Chroococcales"
"c__Pedosphaerae","o__Pedosphaerales"
"c__Planctomycetia","o__Gemmatales"
"c__Planctomycetia","o__Pirellulales"
"c__RF3","o__ML615J-28"
"c__Rubrobacteria","o__Rubrobacterales"
"c__Solibacteres","o__Solibacterales"
"c__Spartobacteria","o__Chthoniobacterales"
"c__Sphingobacteriia","o__Sphingobacteriales"
"c__Spirochaetes","o__Spirochaetales"
"c__Spirochaetes","o__Sphaerochaetales"
"c__Sva0725","o__Sva0725"
"c__Synechococcophycideae","o__Synechococcales"
"c__Synergistia","o__Synergistales"
"c__Thermoleophilia","o__Gaiellales"
"c__Thermoleophilia","o__Solirubrobacterales"
"c__Thermomicrobia","o__JG30-KF-CM45"
"c__Thermotogae","o__Thermotogales"
"c__TM7-3","o__CW040"
"c__TM7-3","o__I025"
"c__Verruco-5","o__WCHB1-41"
"c__Verrucomicrobiae","o__Verrucomicrobiales"
"o__Acholeplasmatales","f__Acholeplasmataceae"
"o__Acidimicrobiales","f__koll13"
"o__Acidimicrobiales","f__C111"
"o__Acidimicrobiales","f__EB1017"
"o__Acidobacteriales","f__Acidobacteriaceae"
"o__Acidobacteriales","f__Koribacteraceae"
"o__Actinomycetales","f__Corynebacteriaceae"
"o__Actinomycetales","f__Nocardioidaceae"
"o__Actinomycetales","f__Gordoniaceae"
"o__Actinomycetales","f__Cellulomonadaceae"
"o__Actinomycetales","f__Actinomycetaceae"
"o__Actinomycetales","f__Micrococcaceae"
"o__Actinomycetales","f__Micromonosporaceae"
"o__Actinomycetales","f__Intrasporangiaceae"
"o__Actinomycetales","f__Microbacteriaceae"
"o__Actinomycetales","f__Mycobacteriaceae"
"o__Actinomycetales","f__Beutenbergiaceae"
"o__Actinomycetales","f__Dermabacteraceae"
"o__Actinomycetales","f__Streptomycetaceae"
"o__Actinomycetales","f__Propionibacteriaceae"
"o__Actinomycetales","f__Nocardiaceae"
"o__Actinomycetales","f__Actinosynnemataceae"
"o__Actinomycetales","f__Geodermatophilaceae"
"o__Actinomycetales","f__ACK-M1"
"o__Actinomycetales","f__Thermomonosporaceae"
"o__Actinomycetales","f__Kineosporiaceae"
"o__Actinomycetales","f__Dietziaceae"
"o__Actinomycetales","f__Yaniellaceae"
"o__Actinomycetales","f__Promicromonosporaceae"
"o__Actinomycetales","f__Nakamurellaceae"
"o__Actinomycetales","f__Dermacoccaceae"
"o__Actinomycetales","f__Sanguibacteraceae"
"o__Actinomycetales","f__Nocardiopsaceae"
"o__Actinomycetales","f__Bogoriellaceae"
"o__Actinomycetales","f__Brevibacteriaceae"
"o__Actinomycetales","f__Pseudonocardiaceae"
"o__Actinomycetales","f__Williamsiaceae"
"o__Actinomycetales","f__Ruaniaceae"
"o__Aeromonadales","f__Succinivibrionaceae"
"o__Aeromonadales","f__Aeromonadaceae"
"o__Alteromonadales","f__OM60"
"o__Alteromonadales","f__Chromatiaceae2"
"o__Alteromonadales","f__Alteromonadaceae"
"o__Alteromonadales","f__Idiomarinaceae"
"o__Alteromonadales","f__Pseudoalteromonadaceae"
"o__Alteromonadales","f__Shewanellaceae"
"o__Alteromonadales","f__Moritellaceae"
"o__Anaerolineales","f__Anaerolinaceae"
"o__Anaeroplasmatales","f__Anaeroplasmataceae"
"o__Aquificales","f__Hydrogenothermaceae"
"o__Armatimonadales","f__Armatimonadaceae"
"o__Bacillales","f__Staphylococcaceae"
"o__Bacillales","f__Paenibacillaceae"
"o__Bacillales","f__Thermoactinomycetaceae"
"o__Bacillales","f__Bacillaceae"
"o__Bacillales","f__Planococcaceae"
"o__Bacillales","f__Sporolactobacillaceae"
"o__Bacillales","f__Listeriaceae"
"o__Bacillales","f__Alicyclobacillaceae"
"o__Bacteroidales","f__Rikenellaceae"
"o__Bacteroidales","f__Paraprevotellaceae"
"o__Bacteroidales","f__Prevotellaceae"
"o__Bacteroidales","f__Barnesiellaceae"
"o__Bacteroidales","f__Bacteroidaceae"
"o__Bacteroidales","f__Porphyromonadaceae"
"o__Bacteroidales","f__S24-7"
"o__Bacteroidales","f__Marinilabiaceae"
"o__Bacteroidales","f__Odoribacteraceae"
"o__Bacteroidales","f__GZKB119"
"o__Bacteroidales","f__BS11"
"o__Bacteroidales","f__p-2534-18B5"
"o__Bdellovibrionales","f__Bacteriovoracaceae"
"o__Bdellovibrionales","f__Bdellovibrionaceae"
"o__Bifidobacteriales","f__Bifidobacteriaceae"
"o__Brachyspirales","f__Brachyspiraceae"
"o__Burkholderiales","f__Oxalobacteraceae"
"o__Burkholderiales","f__Comamonadaceae"
"o__Burkholderiales","f__Burkholderiaceae"
"o__Burkholderiales","f__Alcaligenaceae"
"o__Campylobacterales","f__Campylobacteraceae"
"o__Campylobacterales","f__Helicobacteraceae"
"o__Cardiobacteriales","f__Cardiobacteriaceae"
"o__Caulobacterales","f__Caulobacteraceae"
"o__Cerasicoccales","f__Cerasicoccaceae"
"o__Chlamydiales","f__Chlamydiaceae"
"o__Chlorophyta","f__Trebouxiophyceae"
"o__Chromatiales","f__Ectothiorhodospiraceae"
"o__Chromatiales","f__Chromatiaceae"
"o__Chroococcales","f__Xenococcaceae"
"o__Chroococcales","f__Phormidiaceae"
"o__Chthoniobacterales","f__Chthoniobacteraceae"
"o__Chthonomonadales","f__Chthonomonadaceae"
"o__Clostridiales","f__Lachnospiraceae"
"o__Clostridiales","f__Clostridiaceae"
"o__Clostridiales","f__Ruminococcaceae"
"o__Clostridiales","f__Peptococcaceae"
"o__Clostridiales","f__Peptostreptococcaceae"
"o__Clostridiales","f__Eubacteriaceae"
"o__Clostridiales","f__Catabacteriaceae"
"o__Clostridiales","f__Veillonellaceae"
"o__Clostridiales","f__Dehalobacteriaceae"
"o__Clostridiales","f__Christensenellaceae"
"o__Clostridiales","f__Symbiobacteriaceae"
"o__Coriobacteriales","f__Coriobacteriaceae"
"o__CW040","f__F16"
"o__Deinococcales","f__Deinococcaceae"
"o__Desulfobacterales","f__Desulfobulbaceae"
"o__Desulfovibrionales","f__Desulfovibrionaceae"
"o__Desulfovibrionales","f__Desulfomicrobiaceae"
"o__Enterobacteriales","f__Enterobacteriaceae"
"o__Erysipelotrichales","f__Coprobacillaceae"
"o__Erysipelotrichales","f__Erysipelotrichaceae"
"o__Exiguobacterales","f__Exiguobacteraceae"
"o__Fimbriimonadales","f__Fimbriimonadaceae"
"o__Flavobacteriales","f__Flavobacteriaceae"
"o__Flavobacteriales","f__Blattabacteriaceae"
"o__Flavobacteriales","f__Cryomorphaceae"
"o__Fusobacteriales","f__Leptotrichiaceae"
"o__Fusobacteriales","f__Fusobacteriaceae"
"o__Gaiellales","f__Gaiellaceae"
"o__Gallionellales","f__Gallionellaceae"
"o__Gemellales","f__Gemellaceae"
"o__Gemmatales","f__Isosphaeraceae"
"o__Gemmatimonadales","f__Ellin5301"
"o__Gemmatimonadales","f__Gemmatimonadaceae"
"o__Herpetosiphonales","f__Herpetosiphonaceae"
"o__Holophagales","f__Holophagaceae"
"o__HTCC2188","f__HTCC2188"
"o__I025","f__Rs-045"
"o__Lactobacillales","f__Lactobacillaceae"
"o__Lactobacillales","f__Aerococcaceae"
"o__Lactobacillales","f__Streptococcaceae"
"o__Lactobacillales","f__Enterococcaceae"
"o__Lactobacillales","f__Carnobacteriaceae"
"o__Lactobacillales","f__Leuconostocaceae"
"o__Legionellales","f__Coxiellaceae"
"o__Legionellales","f__Legionellaceae"
"o__Methylococcales","f__Methylococcaceae"
"o__Methylophilales","f__Methylophilaceae"
"o__Mycoplasmatales","f__Mycoplasmataceae"
"o__Myxococcales","f__Polyangiaceae"
"o__Myxococcales","f__Myxococcaceae"
"o__Myxococcales","f__0319-6G20"
"o__Neisseriales","f__Neisseriaceae"
"o__Nitriliruptorales","f__Nitriliruptoraceae"
"o__Nitrosomonadales","f__Nitrosomonadaceae"
"o__Oceanospirillales","f__Oleiphilaceae"
"o__Oceanospirillales","f__Alcanivoracaceae"
"o__Oceanospirillales","f__Halomonadaceae"
"o__Oceanospirillales","f__Oceanospirillaceae"
"o__Oceanospirillales","f__Saccharospirillaceae"
"o__Oceanospirillales","f__Endozoicimonaceae"
"o__Oceanospirillales","f__SUP05"
"o__Opitutales","f__Opitutaceae"
"o__Pasteurellales","f__Pasteurellaceae"
"o__Pedosphaerales","f__Ellin517"
"o__Pirellulales","f__Pirellulaceae"
"o__Procabacteriales","f__Procabacteriaceae"
"o__Pseudomonadales","f__Pseudomonadaceae"
"o__Pseudomonadales","f__Moraxellaceae"
"o__Rhizobiales","f__Brucellaceae"
"o__Rhizobiales","f__Phyllobacteriaceae"
"o__Rhizobiales","f__Rhizobiaceae"
"o__Rhizobiales","f__Hyphomicrobiaceae"
"o__Rhizobiales","f__Methylocystaceae"
"o__Rhizobiales","f__Beijerinckiaceae"
"o__Rhizobiales","f__Bradyrhizobiaceae"
"o__Rhizobiales","f__Methylobacteriaceae"
"o__Rhizobiales","f__Rhodobiaceae"
"o__Rhizobiales","f__Xanthobacteraceae"
"o__Rhizobiales","f__Aurantimonadaceae"
"o__Rhodobacterales","f__Hyphomonadaceae"
"o__Rhodobacterales","f__Rhodobacteraceae"
"o__Rhodocyclales","f__Rhodocyclaceae"
"o__Rhodospirillales","f__Acetobacteraceae"
"o__Rhodospirillales","f__Rhodospirillaceae"
"o__Rickettsiales","f__mitochondria"
"o__Rickettsiales","f__Rickettsiaceae"
"o__Rubrobacterales","f__Rubrobacteraceae"
"o__Solibacterales","f__Solibacteraceae"
"o__Solirubrobacterales","f__Patulibacteraceae"
"o__Solirubrobacterales","f__Solirubrobacteraceae"
"o__Solirubrobacterales","f__Conexibacteraceae"
"o__Sphingobacteriales","f__Sphingobacteriaceae"
"o__Sphingobacteriales","f__Chitinophagaceae"
"o__Sphingobacteriales","f__Flexibacteraceae"
"o__Sphingobacteriales","f__Saprospiraceae"
"o__Sphingobacteriales","f__Flammeovirgaceae"
"o__Sphingobacteriales","f__Cyclobacteriaceae"
"o__Sphingomonadales","f__Sphingomonadaceae"
"o__Sphingomonadales","f__Erythrobacteraceae"
"o__Spirochaetales","f__Spirochaetaceae"
"o__Synechococcales","f__Synechococcaceae"
"o__Synergistales","f__Dethiosulfovibrionaceae"
"o__Synergistales","f__Synergistaceae"
"o__Syntrophobacterales","f__Desulfobacteraceae"
"o__Syntrophobacterales","f__Syntrophobacteraceae"
"o__Thermales","f__Thermaceae"
"o__Thermicanales","f__Thermicanaceae"
"o__Thermotogales","f__Thermotogaceae"
"o__Thiohalorhabdales","f__Thiohalorhabdaceae"
"o__Thiotrichales","f__Piscirickettsiaceae"
"o__Thiotrichales","f__Thiotrichaceae"
"o__Turicibacterales","f__Turicibacteraceae"
"o__Verrucomicrobiales","f__Verrucomicrobiaceae"
"o__Vibrionales","f__Vibrionaceae"
"o__Victivallales","f__Victivallaceae"
"o__WCHB1-41","f__RFP12"
"o__WCHB1-41","f__WCHB1-25"
"o__Xanthomonadales","f__Xanthomonadaceae"
"o__Xanthomonadales","f__Sinobacteraceae"
"o__Z20","f__R4-45B"
"f__Acetobacteraceae","g__Roseomonas"
"f__Acetobacteraceae","g__Acidocella"
"f__Acholeplasmataceae","g__Acholeplasma"
"f__Acholeplasmataceae","g__Candidatus Phytoplasma"
"f__Actinomycetaceae","g__Arcanobacterium"
"f__Actinomycetaceae","g__Actinomyces"
"f__Actinomycetaceae","g__Parascardovia"
"f__Actinomycetaceae","g__Mobiluncus"
"f__Actinomycetaceae","g__Actinobaculum"
"f__Actinomycetaceae","g__Varibaculum"
"f__Aerococcaceae","g__Facklamia"
"f__Aerococcaceae","g__Alkalibacterium"
"f__Aerococcaceae","g__Aerococcus"
"f__Aerococcaceae","g__Abiotrophia"
"f__Aerococcaceae","g__Alloiococcus"
"f__Aeromonadaceae","g__Tolumonas"
"f__Alcaligenaceae","g__Sutterella"
"f__Alcaligenaceae","g__Oligella"
"f__Alcaligenaceae","g__Achromobacter"
"f__Alcanivoracaceae","g__Alcanivorax"
"f__Alicyclobacillaceae","g__Alicyclobacillus"
"f__Alteromonadaceae","g__Cellvibrio"
"f__Alteromonadaceae","g__Salinimonas"
"f__Alteromonadaceae","g__Alteromonas"
"f__Alteromonadaceae","g__Glaciecola"
"f__Alteromonadaceae","g__Spongiibacter"
"f__Anaerolinaceae","g__SHD-231"
"f__Anaeroplasmataceae","g__RFN20"
"f__Bacillaceae","g__Geobacillus"
"f__Bacillaceae","g__Bacillus"
"f__Bacillaceae","g__Anoxybacillus"
"f__Bacillaceae","g__Oceanobacillus"
"f__Bacillaceae","g__Virgibacillus"
"f__Bacteriovoracaceae","g__Bacteriovorax"
"f__Bacteroidaceae","g__Bacteroides"
"f__Bacteroidaceae","g__5-7N15"
"f__Bacteroidaceae","g__BF311"
"f__Bdellovibrionaceae","g__Bdellovibrio"
"f__Bifidobacteriaceae","g__Bifidobacterium"
"f__Bifidobacteriaceae","g__Alloscardovia"
"f__Bifidobacteriaceae","g__Gardnerella"
"f__Bogoriellaceae","g__Georgenia"
"f__Brachyspiraceae","g__Brachyspira"
"f__Bradyrhizobiaceae","g__Balneimonas"
"f__Bradyrhizobiaceae","g__Bradyrhizobium"
"f__Brevibacteriaceae","g__Brevibacterium"
"f__Burkholderiaceae","g__Burkholderia"
"f__Burkholderiaceae","g__Salinispora"
"f__Burkholderiaceae","g__Lautropia"
"f__Campylobacteraceae","g__Campylobacter"
"f__Campylobacteraceae","g__Sulfurospirillum"
"f__Cardiobacteriaceae","g__Cardiobacterium"
"f__Carnobacteriaceae","g__Desemzia"
"f__Carnobacteriaceae","g__Granulicatella"
"f__Carnobacteriaceae","g__Trichococcus"
"f__Caulobacteraceae","g__Brevundimonas"
"f__Caulobacteraceae","g__Phenylobacterium"
"f__Caulobacteraceae","g__Arthrospira"
"f__Caulobacteraceae","g__Mycoplana"
"f__Caulobacteraceae","g__Caulobacter"
"f__Cellulomonadaceae","g__Demequina"
"f__Cellulomonadaceae","g__Actinotalea"
"f__Cellulomonadaceae","g__Cellulomonas"
"f__Cellulomonadaceae","g__Pseudoclavibacter"
"f__Chitinophagaceae","g__Chitinophaga"
"f__Chitinophagaceae","g__Flavisolibacter"
"f__Chlamydiaceae","g__Chlamydia"
"f__Chromatiaceae2","g__Rheinheimera"
"f__Chromatiaceae2","g__Alishewanella"
"f__Chthoniobacteraceae","g__DA101"
"f__Chthoniobacteraceae","g__Candidatus Xiphinematobacter"
"f__Chthoniobacteraceae","g__heteroC45_4W"
"f__Chthonomonadaceae","g__Chthonomonas"
"f__Clostridiaceae","g__Peptoniphilus"
"f__Clostridiaceae","g__Finegoldia"
"f__Clostridiaceae","g__Anaerococcus"
"f__Clostridiaceae","g__Sarcina"
"f__Clostridiaceae","g__Clostridium"
"f__Clostridiaceae","g__Fusibacter"
"f__Clostridiaceae","g__Mogibacterium"
"f__Clostridiaceae","g__Helcococcus"
"f__Clostridiaceae","g__Caloramator"
"f__Clostridiaceae","g__Thermoanaerobacterium"
"f__Comamonadaceae","g__Variovorax"
"f__Comamonadaceae","g__Paucibacter"
"f__Comamonadaceae","g__Comamonas"
"f__Comamonadaceae","g__Methylibium"
"f__Comamonadaceae","g__Rubrivivax"
"f__Comamonadaceae","g__Schlegelella"
"f__Comamonadaceae","g__Tepidimonas"
"f__Comamonadaceae","g__Polaromonas"
"f__Comamonadaceae","g__Lampropedia"
"f__Comamonadaceae","g__Hydrogenophaga"
"f__Comamonadaceae","g__Limnohabitans"
"f__Comamonadaceae","g__RS62"
"f__Comamonadaceae","g__Alicycliphilus"
"f__Comamonadaceae","g__Rhodoferax"
"f__Comamonadaceae","g__Simplicispira"
"f__Comamonadaceae","g__Delftia"
"f__Comamonadaceae","g__Verminephrobacter"
"f__Comamonadaceae","g__Roseateles"
"f__Comamonadaceae","g__Acidovorax"
"f__Comamonadaceae","g__Ramlibacter"
"f__Coprobacillaceae","g__Coprobacillus"
"f__Coprobacillaceae","g__Catenibacterium"
"f__Coprobacillaceae","g__Sharpea"
"f__Coriobacteriaceae","g__Atopobium"
"f__Coriobacteriaceae","g__Slackia"
"f__Coriobacteriaceae","g__Adlercreutzia"
"f__Coriobacteriaceae","g__Eggerthella"
"f__Coriobacteriaceae","g__Collinsella"
"f__Coriobacteriaceae","g__Olsenella"
"f__Corynebacteriaceae","g__Corynebacterium"
"f__Dehalobacteriaceae","g__Dehalobacterium"
"f__Deinococcaceae","g__Deinococcus"
"f__Dermabacteraceae","g__Brachybacterium"
"f__Dermabacteraceae","g__Dermabacter"
"f__Dermacoccaceae","g__Dermacoccus"
"f__Desulfobacteraceae","g__Desulfococcus"
"f__Desulfomicrobiaceae","g__Desulfomicrobium"
"f__Desulfovibrionaceae","g__Desulfovibrio"
"f__Desulfovibrionaceae","g__Bilophila"
"f__Dethiosulfovibrionaceae","g__Pyramidobacter"
"f__Dethiosulfovibrionaceae","g__TG5"
"f__Dietziaceae","g__Dietzia"
"f__Enterobacteriaceae","g__Escherichia"
"f__Enterobacteriaceae","g__Plesiomonas"
"f__Enterobacteriaceae","g__Citrobacter"
"f__Enterobacteriaceae","g__Erwinia"
"f__Enterobacteriaceae","g__Dickeya"
"f__Enterobacteriaceae","g__Klebsiella"
"f__Enterobacteriaceae","g__Trabulsiella"
"f__Enterobacteriaceae","g__Morganella"
"f__Enterobacteriaceae","g__Enterobacter"
"f__Enterobacteriaceae","g__Proteus"
"f__Enterobacteriaceae","g__Sodalis"
"f__Enterobacteriaceae","g__Serratia"
"f__Enterobacteriaceae","g__Providencia"
"f__Enterobacteriaceae","g__Edwardsiella"
"f__Enterobacteriaceae","g__Yersinia"
"f__Enterococcaceae","g__Enterococcus"
"f__Enterococcaceae","g__Vagococcus"
"f__Enterococcaceae","g__Tetragenococcus"
"f__Enterococcaceae","g__Melissococcus"
"f__Erysipelotrichaceae","g__Eubacterium"
"f__Erysipelotrichaceae","g__cc_115"
"f__Erysipelotrichaceae","g__Allobaculum"
"f__Erysipelotrichaceae","g__Bulleidia"
"f__Erysipelotrichaceae","g__Holdemania"
"f__Erythrobacteraceae","g__Erythromicrobium"
"f__Eubacteriaceae","g__Pseudoramibacter"
"f__Eubacteriaceae","g__Eubacterium2"
"f__Eubacteriaceae","g__Anaerofustis"
"f__Exiguobacteraceae","g__Exiguobacterium"
"f__Fimbriimonadaceae","g__Fimbriimonas"
"f__Flammeovirgaceae","g__A4"
"f__Flavobacteriaceae","g__Flavobacterium"
"f__Flavobacteriaceae","g__Bergeyella"
"f__Flavobacteriaceae","g__Sejongia"
"f__Flavobacteriaceae","g__Kaistella"
"f__Flavobacteriaceae","g__Wautersiella"
"f__Flavobacteriaceae","g__Myroides"
"f__Flavobacteriaceae","g__Capnocytophaga"
"f__Flavobacteriaceae","g__Chryseobacterium"
"f__Flexibacteraceae","g__Spirosoma"
"f__Flexibacteraceae","g__Hymenobacter"
"f__Flexibacteraceae","g__Dyadobacter"
"f__Flexibacteraceae","g__Emticicia"
"f__Flexibacteraceae","g__Flectobacillus"
"f__Fusobacteriaceae","g__Fusobacterium"
"f__Gallionellaceae","g__Gallionella"
"f__Gemellaceae","g__Gemella"
"f__Gemmatimonadaceae","g__Gemmatimonas"
"f__Geodermatophilaceae","g__Geodermatophilus"
"f__Gordoniaceae","g__Gordonia"
"f__Halomonadaceae","g__Candidatus Portiera"
"f__Herpetosiphonaceae","g__Herpetosiphon"
"f__Holophagaceae","g__Geothrix"
"f__HTCC2188","g__HTCC"
"f__Hyphomicrobiaceae","g__Pedomicrobium"
"f__Hyphomicrobiaceae","g__Rhodoplanes"
"f__Hyphomicrobiaceae","g__Hyphomicrobium"
"f__Hyphomicrobiaceae","g__Devosia"
"f__Hyphomonadaceae","g__Oceanicaulis"
"f__Idiomarinaceae","g__Idiomarina"
"f__Idiomarinaceae","g__Pseudidiomarina"
"f__Intrasporangiaceae","g__Terracoccus"
"f__Intrasporangiaceae","g__Janibacter"
"f__Intrasporangiaceae","g__Phycicoccus"
"f__Koribacteraceae","g__Candidatus Koribacter"
"f__Lachnospiraceae","g__Dorea"
"f__Lachnospiraceae","g__Blautia"
"f__Lachnospiraceae","g__Ruminococcus"
"f__Lachnospiraceae","g__Coprococcus"
"f__Lachnospiraceae","g__Roseburia"
"f__Lachnospiraceae","g__Lachnospira"
"f__Lachnospiraceae","g__Butyrivibrio"
"f__Lachnospiraceae","g__Lachnobacterium"
"f__Lachnospiraceae","g__Shuttleworthia"
"f__Lachnospiraceae","g__Moryella"
"f__Lachnospiraceae","g__Pseudobutyrivibrio"
"f__Lachnospiraceae","g__Anaerostipes"
"f__Lachnospiraceae","g__Catonella"
"f__Lachnospiraceae","g__Oribacterium"
"f__Lactobacillaceae","g__Lactobacillus"
"f__Lactobacillaceae","g__Pediococcus"
"f__Legionellaceae","g__Legionella"
"f__Leptotrichiaceae","g__Leptotrichia"
"f__Leptotrichiaceae","g__Streptobacillus"
"f__Leptotrichiaceae","g__Sneathia"
"f__Leuconostocaceae","g__Weissella"
"f__Leuconostocaceae","g__Leuconostoc"
"f__Leuconostocaceae","g__Fructobacillus"
"f__Methylobacteriaceae","g__Methylobacterium"
"f__Methylophilaceae","g__Methylotenera"
"f__Methylophilaceae","g__Methylobacillus"
"f__Microbacteriaceae","g__Agromyces"
"f__Microbacteriaceae","g__Leucobacter"
"f__Microbacteriaceae","g__Agrococcus"
"f__Microbacteriaceae","g__Microbacterium"
"f__Microbacteriaceae","g__Cryobacterium"
"f__Microbacteriaceae","g__Salinibacterium"
"f__Microbacteriaceae","g__Curtobacterium"
"f__Microbacteriaceae","g__Rathayibacter"
"f__Microbacteriaceae","g__Candidatus Aquiluna"
"f__Microbacteriaceae","g__Cryocola"
"f__Microbacteriaceae","g__Frigoribacterium"
"f__Micrococcaceae","g__Kocuria"
"f__Micrococcaceae","g__Micrococcus"
"f__Micrococcaceae","g__Rothia"
"f__Micrococcaceae","g__Arthrobacter"
"f__Micrococcaceae","g__Nesterenkonia"
"f__Micrococcaceae","g__Renibacterium"
"f__Micrococcaceae","g__Sinomonas"
"f__Micromonosporaceae","g__Pilimelia"
"f__Micromonosporaceae","g__Actinoplanes"
"f__Moraxellaceae","g__Acinetobacter"
"f__Moraxellaceae","g__Enhydrobacter"
"f__Moraxellaceae","g__Psychrobacter"
"f__Moraxellaceae","g__Alkanindiges"
"f__Moraxellaceae","g__Moraxella"
"f__Mycobacteriaceae","g__Mycobacterium"
"f__Mycoplasmataceae","g__Ureaplasma"
"f__Mycoplasmataceae","g__Mycoplasma"
"f__Myxococcaceae","g__Myxococcus"
"f__Myxococcaceae","g__Anaeromyxobacter"
"f__Neisseriaceae","g__Eikenella"
"f__Neisseriaceae","g__Neisseria"
"f__Neisseriaceae","g__Kingella"
"f__Neisseriaceae","g__Conchiformibius"
"f__Neisseriaceae","g__Vogesella"
"f__Neisseriaceae","g__Chromobacterium"
"f__Nocardiaceae","g__Rhodococcus"
"f__Nocardioidaceae","g__Aeromicrobium"
"f__Nocardioidaceae","g__Nocardioides"
"f__Oceanospirillaceae","g__Oleibacter"
"f__Oceanospirillaceae","g__Marinomonas"
"f__Odoribacteraceae","g__Odoribacter"
"f__Odoribacteraceae","g__Butyricimonas"
"f__OM60","g__Congregibacter"
"f__Opitutaceae","g__Opitutus"
"f__Oxalobacteraceae","g__Polynucleobacter"
"f__Oxalobacteraceae","g__Ralstonia"
"f__Oxalobacteraceae","g__Cupriavidus"
"f__Oxalobacteraceae","g__Collimonas"
"f__Oxalobacteraceae","g__Herbaspirillum"
"f__Oxalobacteraceae","g__Janthinobacterium"
"f__Oxalobacteraceae","g__Oxalobacter"
"f__Oxalobacteraceae","g__Herminiimonas"
"f__Paenibacillaceae","g__Cohnella"
"f__Paenibacillaceae","g__Paenibacillus"
"f__Paenibacillaceae","g__Brevibacillus"
"f__Paraprevotellaceae","g__Prevotella"
"f__Paraprevotellaceae","g__CF231"
"f__Paraprevotellaceae","g__Paraprevotella"
"f__Paraprevotellaceae","g__YRC22"
"f__Pasteurellaceae","g__Pasteurella"
"f__Pasteurellaceae","g__Haemophilus"
"f__Pasteurellaceae","g__Avibacterium"
"f__Pasteurellaceae","g__Actinobacillus"
"f__Pasteurellaceae","g__Aggregatibacter"
"f__Pasteurellaceae","g__Mannheimia"
"f__Pasteurellaceae","g__Gallibacterium"
"f__Pasteurellaceae","g__Volucribacter"
"f__Pasteurellaceae","g__Chelonobacter"
"f__Peptococcaceae","g__rc4-4"
"f__Peptococcaceae","g__Peptococcus"
"f__Peptococcaceae","g__Desulfotomaculum"
"f__Peptostreptococcaceae","g__Peptostreptococcus"
"f__Peptostreptococcaceae","g__Filifactor"
"f__Phyllobacteriaceae","g__Phyllobacterium"
"f__Phyllobacteriaceae","g__Mesorhizobium"
"f__Phyllobacteriaceae","g__Aminobacter"
"f__Pirellulaceae","g__Pirellula"
"f__Piscirickettsiaceae","g__Methylophaga"
"f__Planococcaceae","g__Sporosarcina"
"f__Planococcaceae","g__Solibacillus"
"f__Planococcaceae","g__Rummeliibacillus"
"f__Planococcaceae","g__Planococcus"
"f__Planococcaceae","g__Lysinibacillus"
"f__Planococcaceae","g__Planomicrobium"
"f__Porphyromonadaceae","g__Dysgonomonas"
"f__Porphyromonadaceae","g__Porphyromonas"
"f__Porphyromonadaceae","g__Candidatus Azobacteroides"
"f__Porphyromonadaceae","g__Parabacteroides"
"f__Porphyromonadaceae","g__Paludibacter"
"f__Prevotellaceae","g__Prevotella2"
"f__Promicromonosporaceae","g__Cellulosimicrobium"
"f__Propionibacteriaceae","g__Propionibacterium"
"f__Pseudoalteromonadaceae","g__Pseudoalteromonas"
"f__Pseudomonadaceae","g__Pseudomonas"
"f__Pseudomonadaceae","g__Azorhizophilus"
"f__Pseudonocardiaceae","g__Saccharopolyspora"
"f__Pseudonocardiaceae","g__Pseudonocardia"
"f__Pseudonocardiaceae","g__Actinomycetospora"
"f__Pseudonocardiaceae","g__Jiangella"
"f__Rhizobiaceae","g__Agrobacterium"
"f__Rhizobiaceae","g__Rhizobium"
"f__Rhodobacteraceae","g__Rhodobaca"
"f__Rhodobacteraceae","g__Rhodobacter"
"f__Rhodobacteraceae","g__Paracoccus"
"f__Rhodobacteraceae","g__Amaricoccus"
"f__Rhodocyclaceae","g__Dechloromonas"
"f__Rhodocyclaceae","g__Zoogloea"
"f__Rhodocyclaceae","g__Azospira"
"f__Rhodocyclaceae","g__Sulfuritalea"
"f__Rhodocyclaceae","g__Thauera"
"f__Rhodocyclaceae","g__Uliginosibacterium"
"f__Rhodocyclaceae","g__Azoarcus"
"f__Rhodocyclaceae","g__C39"
"f__Rhodocyclaceae","g__Propionivibrio"
"f__Rhodocyclaceae","g__KD1-23"
"f__Rhodocyclaceae","g__K82"
"f__Rhodocyclaceae","g__Dok59"
"f__Rhodocyclaceae","g__Candidatus Accumulibacter"
"f__Rhodocyclaceae","g__Hydrogenophilus"
"f__Rhodospirillaceae","g__Azospirillum"
"f__Rhodospirillaceae","g__Skermanella"
"f__Rickettsiaceae","g__Rickettsia"
"f__Rikenellaceae","g__Rikenella"
"f__Rubrobacteraceae","g__Rubrobacter"
"f__Ruminococcaceae","g__Faecalibacterium"
"f__Ruminococcaceae","g__Ruminococcus2"
"f__Ruminococcaceae","g__Oscillospira"
"f__Ruminococcaceae","g__Anaerotruncus"
"f__Saccharospirillaceae","g__Reinekea"
"f__Sanguibacteraceae","g__Sanguibacter"
"f__Shewanellaceae","g__Shewanella"
"f__Sinobacteraceae","g__Nevskia"
"f__Solibacteraceae","g__Candidatus Solibacter"
"f__Solirubrobacteraceae","g__Solirubrobacter"
"f__Sphingobacteriaceae","g__Pedobacter"
"f__Sphingobacteriaceae","g__Sphingobacterium"
"f__Sphingomonadaceae","g__Novosphingobium"
"f__Sphingomonadaceae","g__Sphingomonas"
"f__Sphingomonadaceae","g__Sphingobium"
"f__Sphingomonadaceae","g__Sphingopyxis"
"f__Sphingomonadaceae","g__Kaistobacter"
"f__Sphingomonadaceae","g__Blastomonas"
"f__Spirochaetaceae","g__Treponema"
"f__Sporolactobacillaceae","g__Pullulanibacillus"
"f__Sporolactobacillaceae","g__Sporolactobacillus"
"f__Staphylococcaceae","g__Staphylococcus"
"f__Staphylococcaceae","g__Macrococcus"
"f__Staphylococcaceae","g__Jeotgalicoccus"
"f__Staphylococcaceae","g__Salinicoccus"
"f__Streptococcaceae","g__Streptococcus"
"f__Streptococcaceae","g__Lactococcus"
"f__Streptomycetaceae","g__Streptomyces"
"f__Succinivibrionaceae","g__Ruminobacter"
"f__Succinivibrionaceae","g__Succinivibrio"
"f__Symbiobacteriaceae","g__Symbiobacterium"
"f__Synechococcaceae","g__Prochlorococcus"
"f__Synergistaceae","g__Cloacibacillus"
"f__Synergistaceae","g__Synergistes"
"f__Thermaceae","g__Meiothermus"
"f__Thermaceae","g__Thermus"
"f__Thermicanaceae","g__Thermicanus"
"f__Thermoactinomycetaceae","g__Thermoactinomyces"
"f__Thermotogaceae","g__Fervidobacterium"
"f__Thiotrichaceae","g__Leucothrix"
"f__Thiotrichaceae","g__Thiothrix"
"f__Turicibacteraceae","g__Turicibacter"
"f__Veillonellaceae","g__Phascolarctobacterium"
"f__Veillonellaceae","g__Megasphaera"
"f__Veillonellaceae","g__Veillonella"
"f__Veillonellaceae","g__Megamonas"
"f__Veillonellaceae","g__Dialister"
"f__Veillonellaceae","g__Acidaminococcus"
"f__Veillonellaceae","g__Selenomonas"
"f__Veillonellaceae","g__Pectinatus"
"f__Veillonellaceae","g__Negativicoccus"
"f__Veillonellaceae","g__Succiniclasticum"
"f__Verrucomicrobiaceae","g__Akkermansia"
"f__Verrucomicrobiaceae","g__Luteolibacter"
"f__Vibrionaceae","g__Vibrio"
"f__Vibrionaceae","g__Salinivibrio"
"f__Williamsiaceae","g__Williamsia"
"f__Xanthomonadaceae","g__Lysobacter"
"f__Xanthomonadaceae","g__Pseudoxanthomonas"
"f__Xanthomonadaceae","g__Xylella"
"f__Xanthomonadaceae","g__Stenotrophomonas"
"f__Xanthomonadaceae","g__Thermomonas"
"f__Yaniellaceae","g__Yaniella"
"g__Acidovorax","s__delafieldii"
"g__Acinetobacter","s__johnsonii"
"g__Acinetobacter","s__schindleri"
"g__Acinetobacter","s__rhizosphaerae"
"g__Acinetobacter","s__lwoffii"
"g__Acinetobacter","s__guillouiae"
"g__Actinobacillus","s__parahaemolyticus"
"g__Actinobacillus","s__porcinus"
"g__Actinobaculum","s__massiliense"
"g__Actinomyces","s__neuii"
"g__Actinomyces","s__europaeus"
"g__Aggregatibacter","s__segnis"
"g__Agrobacterium","s__vitis"
"g__Agrococcus","s__jenensis"
"g__Akkermansia","s__muciniphila"
"g__Alloscardovia","s__omnicolens"
"g__Anaerococcus","s__prevotii"
"g__Anaerococcus","s__hydrogenalis"
"g__Anoxybacillus","s__kestanbolensis"
"g__Arcanobacterium","s__pyogenes"
"g__Arthrobacter","s__psychrolactophilus"
"g__Arthrospira","s__fusiformis"
"g__Atopobium","s__rimae"
"g__Avibacterium","s__gallinarum"
"g__Bacillus","s__humi"
"g__Bacillus","s__flexus"
"g__Bacillus","s__selenatarsenatis"
"g__Bacillus","s__ginsengihumi"
"g__Bacillus","s__muralis"
"g__Bacillus","s__asahii"
"g__Bacillus","s__firmus"
"g__Bacillus","s__horikoshii"
"g__Bacillus","s__pseudofirmus"
"g__Bacillus","s__endophyticus"
"g__Bacteroides","s__eggerthii"
"g__Bacteroides","s__plebeius"
"g__Bacteroides","s__fragilis"
"g__Bacteroides","s__acidifaciens"
"g__Bacteroides","s__uniformis"
"g__Bacteroides","s__ovatus"
"g__Bacteroides","s__caccae"
"g__Bacteroides","s__coprophilus"
"g__Bacteroides","s__helcogenes"
"g__Bifidobacterium","s__longum"
"g__Bifidobacterium","s__bifidum"
"g__Bifidobacterium","s__pseudolongum"
"g__Bifidobacterium","s__adolescentis"
"g__Bifidobacterium","s__animalis"
"g__Bifidobacterium","s__breve"
"g__Bifidobacterium","s__thermacidophilum"
"g__Blastomonas","s__natatoria"
"g__Blautia","s__obeum"
"g__Blautia","s__producta"
"g__Brevibacillus","s__reuszeri"
"g__Brevibacterium","s__aureum"
"g__Brevibacterium","s__paucivorans"
"g__Brevundimonas","s__diminuta"
"g__Bulleidia","s__moorei"
"g__Burkholderia","s__andropogonis"
"g__Campylobacter","s__rectus"
"g__Campylobacter","s__fetus"
"g__Campylobacter","s__ureolyticus"
"g__Candidatus Aquiluna","s__rubra"
"g__Capnocytophaga","s__ochracea"
"g__Cardiobacterium","s__valvarum"
"g__Chelonobacter","s__Taxon"
"g__Clostridium","s__butyricum"
"g__Clostridium","s__hiranonis"
"g__Clostridium","s__perfringens"
"g__Clostridium","s__neonatale"
"g__Clostridium","s__subterminale"
"g__Collinsella","s__aerofaciens"
"g__Collinsella","s__stercoris"
"g__Coprococcus","s__catus"
"g__Coprococcus","s__eutactus"
"g__Corynebacterium","s__lubricantis"
"g__Corynebacterium","s__bovis"
"g__Corynebacterium","s__simulans"
"g__Corynebacterium","s__variabile"
"g__Corynebacterium","s__urealyticum"
"g__Corynebacterium","s__renale"
"g__Corynebacterium","s__kroppenstedtii"
"g__Cryobacterium","s__psychrophilum"
"g__Dechloromonas","s__fungiphilus"
"g__Deinococcus","s__geothermalis"
"g__Desulfovibrio","s__D168"
"g__Dialister","s__invisus"
"g__Dialister","s__micraerophilus"
"g__Dorea","s__formicigenerans"
"g__Eggerthella","s__lenta"
"g__Enterobacter","s__hormaechei"
"g__Enterobacter","s__cowanii"
"g__Enterococcus","s__casseliflavus"
"g__Erwinia","s__oleae"
"g__Erwinia","s__dispersa"
"g__Erythromicrobium","s__ramosum"
"g__Eubacterium","s__biforme"
"g__Eubacterium","s__dolichum"
"g__Eubacterium","s__cylindroides"
"g__Eubacterium2","s__limosum"
"g__Exiguobacterium","s__indicum"
"g__Faecalibacterium","s__prausnitzii"
"g__Flavobacterium","s__succinicans"
"g__Fusobacterium","s__necrophorum"
"g__Geobacillus","s__thermodenitrificans"
"g__Geobacillus","s__vulcani"
"g__Geodermatophilus","s__obscurus"
"g__Haemophilus","s__parainfluenzae"
"g__Haemophilus","s__influenzae"
"g__Herpetosiphon","s__agaradhaerens"
"g__Hyphomicrobium","s__sulfonivorans"
"g__Janthinobacterium","s__lividum"
"g__Jeotgalicoccus","s__psychrophilus"
"g__Lactobacillus","s__ruminis"
"g__Lactobacillus","s__brevis"
"g__Lactobacillus","s__reuteri"
"g__Lactobacillus","s__helveticus"
"g__Lactobacillus","s__iners"
"g__Lactobacillus","s__zeae"
"g__Lactobacillus","s__crispatus"
"g__Lactobacillus","s__agilis"
"g__Lactobacillus","s__hamsteri"
"g__Lactobacillus","s__pontis"
"g__Lactobacillus","s__mucosae"
"g__Lactobacillus","s__coleohominis"
"g__Leuconostoc","s__mesenteroides"
"g__Lysinibacillus","s__boronitolerans"
"g__Macrococcus","s__caseolyticus"
"g__Megasphaera","s__micronuciformis"
"g__Megasphaera","s__elsdenii"
"g__Megasphaera","s__geminatus"
"g__Melissococcus","s__plutonius"
"g__Methylobacterium","s__organophilum"
"g__Methylobacterium","s__komagatae"
"g__Methylotenera","s__mobilis"
"g__Microbacterium","s__chocolatum"
"g__Microbacterium","s__maritypicum"
"g__Micrococcus","s__luteus"
"g__Morganella","s__morganii"
"g__Moryella","s__indoligenes"
"g__Mycobacterium","s__celatum"
"g__Mycobacterium","s__triviale"
"g__Neisseria","s__cinerea"
"g__Nevskia","s__ramosa"
"g__Novosphingobium","s__resinovorum"
"g__Oceanobacillus","s__oncorhynchi"
"g__Oligella","s__urethralis"
"g__Olsenella","s__uli"
"g__Oscillospira","s__guilliermondii"
"g__Oxalobacter","s__formigenes"
"g__Paenibacillus","s__barengoltzii"
"g__Parabacteroides","s__gordonii"
"g__Parabacteroides","s__distasonis"
"g__Pasteurella","s__multocida"
"g__Pedobacter","s__cryoconitis"
"g__Peptoniphilus","s__asaccharolyticus"
"g__Peptostreptococcus","s__anaerobius"
"g__Plesiomonas","s__shigelloides"
"g__Polynucleobacter","s__cosmopolitanus"
"g__Porphyromonas","s__endodontalis"
"g__Prevotella","s__tannerae"
"g__Prevotella2","s__copri"
"g__Prevotella2","s__stercorea"
"g__Prevotella2","s__melaninogenica"
"g__Prevotella2","s__pallens"
"g__Prevotella2","s__nanceiensis"
"g__Prevotella2","s__intermedia"
"g__Prevotella2","s__ruminicola"
"g__Prevotella2","s__nigrescens"
"g__Prochlorococcus","s__marinus"
"g__Propionibacterium","s__acnes"
"g__Propionibacterium","s__granulosum"
"g__Pseudoclavibacter","s__bifida"
"g__Pseudomonas","s__viridiflava"
"g__Pseudomonas","s__veronii"
"g__Pseudomonas","s__fragi"
"g__Pseudomonas","s__citronellolis"
"g__Pseudomonas","s__stutzeri"
"g__Pseudomonas","s__alcaligenes"
"g__Pseudomonas","s__nitroreducens"
"g__Pseudoxanthomonas","s__mexicana"
"g__Psychrobacter","s__pulmonis"
"g__Psychrobacter","s__marincola"
"g__Rathayibacter","s__caricis"
"g__Rhizobium","s__multihospitium"
"g__Rhodococcus","s__fascians"
"g__Roseateles","s__depolymerans"
"g__Roseburia","s__faecis"
"g__Roseomonas","s__mucosa"
"g__Rothia","s__mucilaginosa"
"g__Rothia","s__aeria"
"g__Ruminococcus","s__gnavus"
"g__Ruminococcus2","s__flavefaciens"
"g__Ruminococcus2","s__bromii"
"g__Ruminococcus2","s__callidus"
"g__Salinivibrio","s__costicola"
"g__Serratia","s__marcescens"
"g__Shewanella","s__amazonensis"
"g__Solibacillus","s__silvestris"
"g__Sphingobacterium","s__multivorum"
"g__Sphingobacterium","s__faecium"
"g__Sphingomonas","s__yabuuchiae"
"g__Sphingomonas","s__leidyia"
"g__Sphingomonas","s__wittichii"
"g__Staphylococcus","s__sciuri"
"g__Staphylococcus","s__epidermidis"
"g__Staphylococcus","s__aureus"
"g__Staphylococcus","s__haemolyticus"
"g__Staphylococcus","s__equorum"
"g__Stenotrophomonas","s__geniculata"
"g__Streptococcus","s__agalactiae"
"g__Streptococcus","s__alactolyticus"
"g__Streptococcus","s__pseudopneumoniae"
"g__Streptococcus","s__sobrinus"
"g__Streptococcus","s__luteciae"
"g__Streptococcus","s__infantis"
"g__Streptococcus","s__criceti"
"g__Streptococcus","s__equi"
"g__Streptococcus","s__anginosus"
"g__Streptococcus","s__phocae"
"g__Streptomyces","s__radiopugnans"
"g__Sulfurospirillum","s__barnesii"
"g__Trabulsiella","s__farmeri"
"g__Varibaculum","s__cambriense"
"g__Variovorax","s__paradoxus"
"g__Veillonella","s__dispar"
"g__Veillonella","s__parvula"
"g__Virgibacillus","s__halodenitrificans"
"g__Wautersiella","s__falsenii"
"k__Bacteria","k__Bacteria"
"p__Acidobacteria","p__Acidobacteria"
"p__Actinobacteria","p__Actinobacteria"
"p__Aquificae","p__Aquificae"
"p__Armatimonadetes","p__Armatimonadetes"
"p__Bacteroidetes","p__Bacteroidetes"
"p__Chlamydiae","p__Chlamydiae"
"p__Chlorobi","p__Chlorobi"
"p__Chloroflexi","p__Chloroflexi"
"p__Cyanobacteria","p__Cyanobacteria"
"p__Elusimicrobia","p__Elusimicrobia"
"p__Firmicutes","p__Firmicutes"
"p__Fusobacteria","p__Fusobacteria"
"p__Gemmatimonadetes","p__Gemmatimonadetes"
"p__Lentisphaerae","p__Lentisphaerae"
"p__Planctomycetes","p__Planctomycetes"
"p__Proteobacteria","p__Proteobacteria"
"p__Spirochaetes","p__Spirochaetes"
"p__SR1","p__SR1"
"p__Synergistetes","p__Synergistetes"
"p__Tenericutes","p__Tenericutes"
"p__Thermi","p__Thermi"
"p__Thermotogae","p__Thermotogae"
"p__TM7","p__TM7"
"p__Verrucomicrobia","p__Verrucomicrobia"
"p__WPS-2","p__WPS-2"
"c__4C0d-2","c__4C0d-2"
"c__Acidimicrobiia","c__Acidimicrobiia"
"c__Acidobacteria","c__Acidobacteria"
"c__Acidobacteria-5","c__Acidobacteria-5"
"c__Acidobacteria-6","c__Acidobacteria-6"
"c__Actinobacteria","c__Actinobacteria"
"c__Alphaproteobacteria","c__Alphaproteobacteria"
"c__Anaerolineae","c__Anaerolineae"
"c__Aquificae","c__Aquificae"
"c__Armatimonadia","c__Armatimonadia"
"c__Bacilli","c__Bacilli"
"c__Bacteroidia","c__Bacteroidia"
"c__Betaproteobacteria","c__Betaproteobacteria"
"c__Brachyspirae","c__Brachyspirae"
"c__Chlamydiia","c__Chlamydiia"
"c__Chloracidobacteria","c__Chloracidobacteria"
"c__Chloroplast","c__Chloroplast"
"c__Chthonomonadetes","c__Chthonomonadetes"
"c__CK-1C4-19","c__CK-1C4-19"
"c__Clostridia","c__Clostridia"
"c__Deinococci","c__Deinococci"
"c__Deltaproteobacteria","c__Deltaproteobacteria"
"c__Elusimicrobia","c__Elusimicrobia"
"c__Epsilonproteobacteria","c__Epsilonproteobacteria"
"c__Erysipelotrichi","c__Erysipelotrichi"
"c__Fimbriimonadetes","c__Fimbriimonadetes"
"c__Flavobacteriia","c__Flavobacteriia"
"c__Fusobacteria","c__Fusobacteria"
"c__Gammaproteobacteria","c__Gammaproteobacteria"
"c__Gemm-3","c__Gemm-3"
"c__Gemm-5","c__Gemm-5"
"c__Gemmatimonadetes","c__Gemmatimonadetes"
"c__Holophagae","c__Holophagae"
"c__Ignavibacteria","c__Ignavibacteria"
"c__Lentisphaeria","c__Lentisphaeria"
"c__Mollicutes","c__Mollicutes"
"c__Nitriliruptoria","c__Nitriliruptoria"
"c__OPB56","c__OPB56"
"c__Opitutae","c__Opitutae"
"c__Oscillatoriophycideae","c__Oscillatoriophycideae"
"c__Pedosphaerae","c__Pedosphaerae"
"c__Phycisphaerae","c__Phycisphaerae"
"c__Planctomycetia","c__Planctomycetia"
"c__RF3","c__RF3"
"c__Rubrobacteria","c__Rubrobacteria"
"c__S15B-MN24","c__S15B-MN24"
"c__SJA-28","c__SJA-28"
"c__Solibacteres","c__Solibacteres"
"c__Spartobacteria","c__Spartobacteria"
"c__Sphingobacteriia","c__Sphingobacteriia"
"c__Spirochaetes","c__Spirochaetes"
"c__Sva0725","c__Sva0725"
"c__Synechococcophycideae","c__Synechococcophycideae"
"c__Synergistia","c__Synergistia"
"c__Thermoleophilia","c__Thermoleophilia"
"c__Thermomicrobia","c__Thermomicrobia"
"c__Thermotogae","c__Thermotogae"
"c__TM7-3","c__TM7-3"
"c__VC2_1_Bac22","c__VC2_1_Bac22"
"c__Verruco-5","c__Verruco-5"
"c__Verrucomicrobiae","c__Verrucomicrobiae"
"o__Acholeplasmatales","o__Acholeplasmatales"
"o__Acidimicrobiales","o__Acidimicrobiales"
"o__Acidobacteriales","o__Acidobacteriales"
"o__Actinomycetales","o__Actinomycetales"
"o__Aeromonadales","o__Aeromonadales"
"o__Alteromonadales","o__Alteromonadales"
"o__Anaerolineales","o__Anaerolineales"
"o__Anaeroplasmatales","o__Anaeroplasmatales"
"o__Aquificales","o__Aquificales"
"o__Armatimonadales","o__Armatimonadales"
"o__ASSO-13","o__ASSO-13"
"o__Bacillales","o__Bacillales"
"o__Bacteroidales","o__Bacteroidales"
"o__BD7-3","o__BD7-3"
"o__Bdellovibrionales","o__Bdellovibrionales"
"o__Bifidobacteriales","o__Bifidobacteriales"
"o__Brachyspirales","o__Brachyspirales"
"o__Burkholderiales","o__Burkholderiales"
"o__BVC71","o__BVC71"
"o__Campylobacterales","o__Campylobacterales"
"o__Cardiobacteriales","o__Cardiobacteriales"
"o__Caulobacterales","o__Caulobacterales"
"o__Cerasicoccales","o__Cerasicoccales"
"o__Chlamydiales","o__Chlamydiales"
"o__Chlorophyta","o__Chlorophyta"
"o__Chromatiales","o__Chromatiales"
"o__Chroococcales","o__Chroococcales"
"o__Chthoniobacterales","o__Chthoniobacterales"
"o__Chthonomonadales","o__Chthonomonadales"
"o__Clostridiales","o__Clostridiales"
"o__Coriobacteriales","o__Coriobacteriales"
"o__CW040","o__CW040"
"o__Deinococcales","o__Deinococcales"
"o__Desulfobacterales","o__Desulfobacterales"
"o__Desulfovibrionales","o__Desulfovibrionales"
"o__Ellin329","o__Ellin329"
"o__Ellin5290","o__Ellin5290"
"o__Ellin6067","o__Ellin6067"
"o__Elusimicrobiales","o__Elusimicrobiales"
"o__Enterobacteriales","o__Enterobacteriales"
"o__Erysipelotrichales","o__Erysipelotrichales"
"o__Exiguobacterales","o__Exiguobacterales"
"o__Fimbriimonadales","o__Fimbriimonadales"
"o__Flavobacteriales","o__Flavobacteriales"
"o__Fusobacteriales","o__Fusobacteriales"
"o__Gaiellales","o__Gaiellales"
"o__Gallionellales","o__Gallionellales"
"o__Gemellales","o__Gemellales"
"o__Gemmatales","o__Gemmatales"
"o__Gemmatimonadales","o__Gemmatimonadales"
"o__Herpetosiphonales","o__Herpetosiphonales"
"o__Holophagales","o__Holophagales"
"o__HTCC2188","o__HTCC2188"
"o__Hydrogenophilales","o__Hydrogenophilales"
"o__I025","o__I025"
"o__Ignavibacteriales","o__Ignavibacteriales"
"o__iii1-15","o__iii1-15"
"o__JG30-KF-CM45","o__JG30-KF-CM45"
"o__Lactobacillales","o__Lactobacillales"
"o__Legionellales","o__Legionellales"
"o__MBA08","o__MBA08"
"o__Methylococcales","o__Methylococcales"
"o__Methylophilales","o__Methylophilales"
"o__MIZ46","o__MIZ46"
"o__ML615J-28","o__ML615J-28"
"o__Mycoplasmatales","o__Mycoplasmatales"
"o__Myxococcales","o__Myxococcales"
"o__Neisseriales","o__Neisseriales"
"o__Nitriliruptorales","o__Nitriliruptorales"
"o__Nitrosomonadales","o__Nitrosomonadales"
"o__Oceanospirillales","o__Oceanospirillales"
"o__OPB54","o__OPB54"
"o__Opitutales","o__Opitutales"
"o__Pasteurellales","o__Pasteurellales"
"o__Pedosphaerales","o__Pedosphaerales"
"o__Pirellulales","o__Pirellulales"
"o__Procabacteriales","o__Procabacteriales"
"o__Pseudomonadales","o__Pseudomonadales"
"o__PYR10d3","o__PYR10d3"
"o__RF32","o__RF32"
"o__RF39","o__RF39"
"o__Rhizobiales","o__Rhizobiales"
"o__Rhodobacterales","o__Rhodobacterales"
"o__Rhodocyclales","o__Rhodocyclales"
"o__Rhodospirillales","o__Rhodospirillales"
"o__Rickettsiales","o__Rickettsiales"
"o__Rubrobacterales","o__Rubrobacterales"
"o__SBla14","o__SBla14"
"o__SC-I-84","o__SC-I-84"
"o__SHA-98","o__SHA-98"
"o__Solibacterales","o__Solibacterales"
"o__Solirubrobacterales","o__Solirubrobacterales"
"o__Sphaerochaetales","o__Sphaerochaetales"
"o__Sphingobacteriales","o__Sphingobacteriales"
"o__Sphingomonadales","o__Sphingomonadales"
"o__Spirobacillales","o__Spirobacillales"
"o__Spirochaetales","o__Spirochaetales"
"o__Stramenopiles","o__Stramenopiles"
"o__Streptophyta","o__Streptophyta"
"o__Sva0725","o__Sva0725"
"o__Synechococcales","o__Synechococcales"
"o__Synergistales","o__Synergistales"
"o__Syntrophobacterales","o__Syntrophobacterales"
"o__Thermales","o__Thermales"
"o__Thermicanales","o__Thermicanales"
"o__Thermotogales","o__Thermotogales"
"o__Thiobacterales","o__Thiobacterales"
"o__Thiohalorhabdales","o__Thiohalorhabdales"
"o__Thiotrichales","o__Thiotrichales"
"o__Turicibacterales","o__Turicibacterales"
"o__Verrucomicrobiales","o__Verrucomicrobiales"
"o__Vibrionales","o__Vibrionales"
"o__Victivallales","o__Victivallales"
"o__WCHB1-41","o__WCHB1-41"
"o__Xanthomonadales","o__Xanthomonadales"
"o__YCC11","o__YCC11"
"o__YS2","o__YS2"
"o__Z20","o__Z20"
"f__0319-6G20","f__0319-6G20"
"f__Acetobacteraceae","f__Acetobacteraceae"
"f__Acholeplasmataceae","f__Acholeplasmataceae"
"f__Acidobacteriaceae","f__Acidobacteriaceae"
"f__ACK-M1","f__ACK-M1"
"f__Actinomycetaceae","f__Actinomycetaceae"
"f__Actinosynnemataceae","f__Actinosynnemataceae"
"f__Aerococcaceae","f__Aerococcaceae"
"f__Aeromonadaceae","f__Aeromonadaceae"
"f__Alcaligenaceae","f__Alcaligenaceae"
"f__Alcanivoracaceae","f__Alcanivoracaceae"
"f__Alicyclobacillaceae","f__Alicyclobacillaceae"
"f__Alteromonadaceae","f__Alteromonadaceae"
"f__Anaerolinaceae","f__Anaerolinaceae"
"f__Anaeroplasmataceae","f__Anaeroplasmataceae"
"f__Armatimonadaceae","f__Armatimonadaceae"
"f__Aurantimonadaceae","f__Aurantimonadaceae"
"f__Bacillaceae","f__Bacillaceae"
"f__Bacteriovoracaceae","f__Bacteriovoracaceae"
"f__Bacteroidaceae","f__Bacteroidaceae"
"f__Barnesiellaceae","f__Barnesiellaceae"
"f__Bdellovibrionaceae","f__Bdellovibrionaceae"
"f__Beijerinckiaceae","f__Beijerinckiaceae"
"f__Beutenbergiaceae","f__Beutenbergiaceae"
"f__Bifidobacteriaceae","f__Bifidobacteriaceae"
"f__Blattabacteriaceae","f__Blattabacteriaceae"
"f__Bogoriellaceae","f__Bogoriellaceae"
"f__Brachyspiraceae","f__Brachyspiraceae"
"f__Bradyrhizobiaceae","f__Bradyrhizobiaceae"
"f__Brevibacteriaceae","f__Brevibacteriaceae"
"f__Brucellaceae","f__Brucellaceae"
"f__BS11","f__BS11"
"f__Burkholderiaceae","f__Burkholderiaceae"
"f__C111","f__C111"
"f__Campylobacteraceae","f__Campylobacteraceae"
"f__Cardiobacteriaceae","f__Cardiobacteriaceae"
"f__Carnobacteriaceae","f__Carnobacteriaceae"
"f__Catabacteriaceae","f__Catabacteriaceae"
"f__Caulobacteraceae","f__Caulobacteraceae"
"f__Cellulomonadaceae","f__Cellulomonadaceae"
"f__Cerasicoccaceae","f__Cerasicoccaceae"
"f__Chitinophagaceae","f__Chitinophagaceae"
"f__Chlamydiaceae","f__Chlamydiaceae"
"f__Christensenellaceae","f__Christensenellaceae"
"f__Chromatiaceae","f__Chromatiaceae"
"f__Chromatiaceae2","f__Chromatiaceae2"
"f__Chthoniobacteraceae","f__Chthoniobacteraceae"
"f__Chthonomonadaceae","f__Chthonomonadaceae"
"f__Clostridiaceae","f__Clostridiaceae"
"f__Comamonadaceae","f__Comamonadaceae"
"f__Conexibacteraceae","f__Conexibacteraceae"
"f__Coprobacillaceae","f__Coprobacillaceae"
"f__Coriobacteriaceae","f__Coriobacteriaceae"
"f__Corynebacteriaceae","f__Corynebacteriaceae"
"f__Coxiellaceae","f__Coxiellaceae"
"f__Cryomorphaceae","f__Cryomorphaceae"
"f__Cyclobacteriaceae","f__Cyclobacteriaceae"
"f__Dehalobacteriaceae","f__Dehalobacteriaceae"
"f__Deinococcaceae","f__Deinococcaceae"
"f__Dermabacteraceae","f__Dermabacteraceae"
"f__Dermacoccaceae","f__Dermacoccaceae"
"f__Desulfobacteraceae","f__Desulfobacteraceae"
"f__Desulfobulbaceae","f__Desulfobulbaceae"
"f__Desulfomicrobiaceae","f__Desulfomicrobiaceae"
"f__Desulfovibrionaceae","f__Desulfovibrionaceae"
"f__Dethiosulfovibrionaceae","f__Dethiosulfovibrionaceae"
"f__Dietziaceae","f__Dietziaceae"
"f__EB1017","f__EB1017"
"f__Ectothiorhodospiraceae","f__Ectothiorhodospiraceae"
"f__Ellin517","f__Ellin517"
"f__Ellin5301","f__Ellin5301"
"f__Endozoicimonaceae","f__Endozoicimonaceae"
"f__Enterobacteriaceae","f__Enterobacteriaceae"
"f__Enterococcaceae","f__Enterococcaceae"
"f__Erysipelotrichaceae","f__Erysipelotrichaceae"
"f__Erythrobacteraceae","f__Erythrobacteraceae"
"f__Eubacteriaceae","f__Eubacteriaceae"
"f__Exiguobacteraceae","f__Exiguobacteraceae"
"f__F16","f__F16"
"f__Fimbriimonadaceae","f__Fimbriimonadaceae"
"f__Flammeovirgaceae","f__Flammeovirgaceae"
"f__Flavobacteriaceae","f__Flavobacteriaceae"
"f__Flexibacteraceae","f__Flexibacteraceae"
"f__Fusobacteriaceae","f__Fusobacteriaceae"
"f__Gaiellaceae","f__Gaiellaceae"
"f__Gallionellaceae","f__Gallionellaceae"
"f__Gemellaceae","f__Gemellaceae"
"f__Gemmatimonadaceae","f__Gemmatimonadaceae"
"f__Geodermatophilaceae","f__Geodermatophilaceae"
"f__Gordoniaceae","f__Gordoniaceae"
"f__GZKB119","f__GZKB119"
"f__Halomonadaceae","f__Halomonadaceae"
"f__Helicobacteraceae","f__Helicobacteraceae"
"f__Herpetosiphonaceae","f__Herpetosiphonaceae"
"f__Holophagaceae","f__Holophagaceae"
"f__HTCC2188","f__HTCC2188"
"f__Hydrogenothermaceae","f__Hydrogenothermaceae"
"f__Hyphomicrobiaceae","f__Hyphomicrobiaceae"
"f__Hyphomonadaceae","f__Hyphomonadaceae"
"f__Idiomarinaceae","f__Idiomarinaceae"
"f__Intrasporangiaceae","f__Intrasporangiaceae"
"f__Isosphaeraceae","f__Isosphaeraceae"
"f__Kineosporiaceae","f__Kineosporiaceae"
"f__koll13","f__koll13"
"f__Koribacteraceae","f__Koribacteraceae"
"f__Lachnospiraceae","f__Lachnospiraceae"
"f__Lactobacillaceae","f__Lactobacillaceae"
"f__Legionellaceae","f__Legionellaceae"
"f__Leptotrichiaceae","f__Leptotrichiaceae"
"f__Leuconostocaceae","f__Leuconostocaceae"
"f__Listeriaceae","f__Listeriaceae"
"f__Marinilabiaceae","f__Marinilabiaceae"
"f__Methylobacteriaceae","f__Methylobacteriaceae"
"f__Methylococcaceae","f__Methylococcaceae"
"f__Methylocystaceae","f__Methylocystaceae"
"f__Methylophilaceae","f__Methylophilaceae"
"f__Microbacteriaceae","f__Microbacteriaceae"
"f__Micrococcaceae","f__Micrococcaceae"
"f__Micromonosporaceae","f__Micromonosporaceae"
"f__mitochondria","f__mitochondria"
"f__Moraxellaceae","f__Moraxellaceae"
"f__Moritellaceae","f__Moritellaceae"
"f__Mycobacteriaceae","f__Mycobacteriaceae"
"f__Mycoplasmataceae","f__Mycoplasmataceae"
"f__Myxococcaceae","f__Myxococcaceae"
"f__Nakamurellaceae","f__Nakamurellaceae"
"f__Neisseriaceae","f__Neisseriaceae"
"f__Nitriliruptoraceae","f__Nitriliruptoraceae"
"f__Nitrosomonadaceae","f__Nitrosomonadaceae"
"f__Nocardiaceae","f__Nocardiaceae"
"f__Nocardioidaceae","f__Nocardioidaceae"
"f__Nocardiopsaceae","f__Nocardiopsaceae"
"f__Oceanospirillaceae","f__Oceanospirillaceae"
"f__Odoribacteraceae","f__Odoribacteraceae"
"f__Oleiphilaceae","f__Oleiphilaceae"
"f__OM60","f__OM60"
"f__Opitutaceae","f__Opitutaceae"
"f__Oxalobacteraceae","f__Oxalobacteraceae"
"f__p-2534-18B5","f__p-2534-18B5"
"f__Paenibacillaceae","f__Paenibacillaceae"
"f__Paraprevotellaceae","f__Paraprevotellaceae"
"f__Pasteurellaceae","f__Pasteurellaceae"
"f__Patulibacteraceae","f__Patulibacteraceae"
"f__Peptococcaceae","f__Peptococcaceae"
"f__Peptostreptococcaceae","f__Peptostreptococcaceae"
"f__Phormidiaceae","f__Phormidiaceae"
"f__Phyllobacteriaceae","f__Phyllobacteriaceae"
"f__Pirellulaceae","f__Pirellulaceae"
"f__Piscirickettsiaceae","f__Piscirickettsiaceae"
"f__Planococcaceae","f__Planococcaceae"
"f__Polyangiaceae","f__Polyangiaceae"
"f__Porphyromonadaceae","f__Porphyromonadaceae"
"f__Prevotellaceae","f__Prevotellaceae"
"f__Procabacteriaceae","f__Procabacteriaceae"
"f__Promicromonosporaceae","f__Promicromonosporaceae"
"f__Propionibacteriaceae","f__Propionibacteriaceae"
"f__Pseudoalteromonadaceae","f__Pseudoalteromonadaceae"
"f__Pseudomonadaceae","f__Pseudomonadaceae"
"f__Pseudonocardiaceae","f__Pseudonocardiaceae"
"f__R4-45B","f__R4-45B"
"f__RFP12","f__RFP12"
"f__Rhizobiaceae","f__Rhizobiaceae"
"f__Rhodobacteraceae","f__Rhodobacteraceae"
"f__Rhodobiaceae","f__Rhodobiaceae"
"f__Rhodocyclaceae","f__Rhodocyclaceae"
"f__Rhodospirillaceae","f__Rhodospirillaceae"
"f__Rickettsiaceae","f__Rickettsiaceae"
"f__Rikenellaceae","f__Rikenellaceae"
"f__Rs-045","f__Rs-045"
"f__Ruaniaceae","f__Ruaniaceae"
"f__Rubrobacteraceae","f__Rubrobacteraceae"
"f__Ruminococcaceae","f__Ruminococcaceae"
"f__S24-7","f__S24-7"
"f__Saccharospirillaceae","f__Saccharospirillaceae"
"f__Sanguibacteraceae","f__Sanguibacteraceae"
"f__Saprospiraceae","f__Saprospiraceae"
"f__Shewanellaceae","f__Shewanellaceae"
"f__Sinobacteraceae","f__Sinobacteraceae"
"f__Solibacteraceae","f__Solibacteraceae"
"f__Solirubrobacteraceae","f__Solirubrobacteraceae"
"f__Sphingobacteriaceae","f__Sphingobacteriaceae"
"f__Sphingomonadaceae","f__Sphingomonadaceae"
"f__Spirochaetaceae","f__Spirochaetaceae"
"f__Sporolactobacillaceae","f__Sporolactobacillaceae"
"f__Staphylococcaceae","f__Staphylococcaceae"
"f__Streptococcaceae","f__Streptococcaceae"
"f__Streptomycetaceae","f__Streptomycetaceae"
"f__Succinivibrionaceae","f__Succinivibrionaceae"
"f__SUP05","f__SUP05"
"f__Symbiobacteriaceae","f__Symbiobacteriaceae"
"f__Synechococcaceae","f__Synechococcaceae"
"f__Synergistaceae","f__Synergistaceae"
"f__Syntrophobacteraceae","f__Syntrophobacteraceae"
"f__Thermaceae","f__Thermaceae"
"f__Thermicanaceae","f__Thermicanaceae"
"f__Thermoactinomycetaceae","f__Thermoactinomycetaceae"
"f__Thermomonosporaceae","f__Thermomonosporaceae"
"f__Thermotogaceae","f__Thermotogaceae"
"f__Thiohalorhabdaceae","f__Thiohalorhabdaceae"
"f__Thiotrichaceae","f__Thiotrichaceae"
"f__Trebouxiophyceae","f__Trebouxiophyceae"
"f__Turicibacteraceae","f__Turicibacteraceae"
"f__Veillonellaceae","f__Veillonellaceae"
"f__Verrucomicrobiaceae","f__Verrucomicrobiaceae"
"f__Vibrionaceae","f__Vibrionaceae"
"f__Victivallaceae","f__Victivallaceae"
"f__WCHB1-25","f__WCHB1-25"
"f__Williamsiaceae","f__Williamsiaceae"
"f__Xanthobacteraceae","f__Xanthobacteraceae"
"f__Xanthomonadaceae","f__Xanthomonadaceae"
"f__Xenococcaceae","f__Xenococcaceae"
"f__Yaniellaceae","f__Yaniellaceae"
"g__5-7N15","g__5-7N15"
"g__A4","g__A4"
"g__Abiotrophia","g__Abiotrophia"
"g__Acholeplasma","g__Acholeplasma"
"g__Achromobacter","g__Achromobacter"
"g__Acidaminococcus","g__Acidaminococcus"
"g__Acidocella","g__Acidocella"
"g__Acidovorax","g__Acidovorax"
"g__Acinetobacter","g__Acinetobacter"
"g__Actinobacillus","g__Actinobacillus"
"g__Actinobaculum","g__Actinobaculum"
"g__Actinomyces","g__Actinomyces"
"g__Actinomycetospora","g__Actinomycetospora"
"g__Actinoplanes","g__Actinoplanes"
"g__Actinotalea","g__Actinotalea"
"g__Adlercreutzia","g__Adlercreutzia"
"g__Aerococcus","g__Aerococcus"
"g__Aeromicrobium","g__Aeromicrobium"
"g__Aggregatibacter","g__Aggregatibacter"
"g__Agrobacterium","g__Agrobacterium"
"g__Agrococcus","g__Agrococcus"
"g__Agromyces","g__Agromyces"
"g__Akkermansia","g__Akkermansia"
"g__Alcanivorax","g__Alcanivorax"
"g__Alicycliphilus","g__Alicycliphilus"
"g__Alicyclobacillus","g__Alicyclobacillus"
"g__Alishewanella","g__Alishewanella"
"g__Alkalibacterium","g__Alkalibacterium"
"g__Alkanindiges","g__Alkanindiges"
"g__Allobaculum","g__Allobaculum"
"g__Alloiococcus","g__Alloiococcus"
"g__Alloscardovia","g__Alloscardovia"
"g__Alteromonas","g__Alteromonas"
"g__Amaricoccus","g__Amaricoccus"
"g__Aminobacter","g__Aminobacter"
"g__Anaerococcus","g__Anaerococcus"
"g__Anaerofustis","g__Anaerofustis"
"g__Anaeromyxobacter","g__Anaeromyxobacter"
"g__Anaerostipes","g__Anaerostipes"
"g__Anaerotruncus","g__Anaerotruncus"
"g__Anoxybacillus","g__Anoxybacillus"
"g__Arcanobacterium","g__Arcanobacterium"
"g__Arthrobacter","g__Arthrobacter"
"g__Arthrospira","g__Arthrospira"
"g__Atopobium","g__Atopobium"
"g__Avibacterium","g__Avibacterium"
"g__Azoarcus","g__Azoarcus"
"g__Azorhizophilus","g__Azorhizophilus"
"g__Azospira","g__Azospira"
"g__Azospirillum","g__Azospirillum"
"g__Bacillus","g__Bacillus"
"g__Bacteriovorax","g__Bacteriovorax"
"g__Bacteroides","g__Bacteroides"
"g__Balneimonas","g__Balneimonas"
"g__Bdellovibrio","g__Bdellovibrio"
"g__Bergeyella","g__Bergeyella"
"g__BF311","g__BF311"
"g__Bifidobacterium","g__Bifidobacterium"
"g__Bilophila","g__Bilophila"
"g__Blastomonas","g__Blastomonas"
"g__Blautia","g__Blautia"
"g__Brachybacterium","g__Brachybacterium"
"g__Brachyspira","g__Brachyspira"
"g__Bradyrhizobium","g__Bradyrhizobium"
"g__Brevibacillus","g__Brevibacillus"
"g__Brevibacterium","g__Brevibacterium"
"g__Brevundimonas","g__Brevundimonas"
"g__Bulleidia","g__Bulleidia"
"g__Burkholderia","g__Burkholderia"
"g__Butyricimonas","g__Butyricimonas"
"g__Butyrivibrio","g__Butyrivibrio"
"g__C39","g__C39"
"g__Caloramator","g__Caloramator"
"g__Campylobacter","g__Campylobacter"
"g__Candidatus Accumulibacter","g__Candidatus Accumulibacter"
"g__Candidatus Aquiluna","g__Candidatus Aquiluna"
"g__Candidatus Azobacteroides","g__Candidatus Azobacteroides"
"g__Candidatus Koribacter","g__Candidatus Koribacter"
"g__Candidatus Phytoplasma","g__Candidatus Phytoplasma"
"g__Candidatus Portiera","g__Candidatus Portiera"
"g__Candidatus Solibacter","g__Candidatus Solibacter"
"g__Candidatus Xiphinematobacter","g__Candidatus Xiphinematobacter"
"g__Capnocytophaga","g__Capnocytophaga"
"g__Cardiobacterium","g__Cardiobacterium"
"g__Catenibacterium","g__Catenibacterium"
"g__Catonella","g__Catonella"
"g__Caulobacter","g__Caulobacter"
"g__cc_115","g__cc_115"
"g__Cellulomonas","g__Cellulomonas"
"g__Cellulosimicrobium","g__Cellulosimicrobium"
"g__Cellvibrio","g__Cellvibrio"
"g__CF231","g__CF231"
"g__Chelonobacter","g__Chelonobacter"
"g__Chitinophaga","g__Chitinophaga"
"g__Chlamydia","g__Chlamydia"
"g__Chromobacterium","g__Chromobacterium"
"g__Chryseobacterium","g__Chryseobacterium"
"g__Chthonomonas","g__Chthonomonas"
"g__Citrobacter","g__Citrobacter"
"g__Cloacibacillus","g__Cloacibacillus"
"g__Clostridium","g__Clostridium"
"g__Cohnella","g__Cohnella"
"g__Collimonas","g__Collimonas"
"g__Collinsella","g__Collinsella"
"g__Comamonas","g__Comamonas"
"g__Conchiformibius","g__Conchiformibius"
"g__Congregibacter","g__Congregibacter"
"g__Coprobacillus","g__Coprobacillus"
"g__Coprococcus","g__Coprococcus"
"g__Corynebacterium","g__Corynebacterium"
"g__Cryobacterium","g__Cryobacterium"
"g__Cryocola","g__Cryocola"
"g__Cupriavidus","g__Cupriavidus"
"g__Curtobacterium","g__Curtobacterium"
"g__DA101","g__DA101"
"g__Dechloromonas","g__Dechloromonas"
"g__Dehalobacterium","g__Dehalobacterium"
"g__Deinococcus","g__Deinococcus"
"g__Delftia","g__Delftia"
"g__Demequina","g__Demequina"
"g__Dermabacter","g__Dermabacter"
"g__Dermacoccus","g__Dermacoccus"
"g__Desemzia","g__Desemzia"
"g__Desulfococcus","g__Desulfococcus"
"g__Desulfomicrobium","g__Desulfomicrobium"
"g__Desulfotomaculum","g__Desulfotomaculum"
"g__Desulfovibrio","g__Desulfovibrio"
"g__Devosia","g__Devosia"
"g__Dialister","g__Dialister"
"g__Dickeya","g__Dickeya"
"g__Dietzia","g__Dietzia"
"g__Dok59","g__Dok59"
"g__Dorea","g__Dorea"
"g__Dyadobacter","g__Dyadobacter"
"g__Dysgonomonas","g__Dysgonomonas"
"g__Edwardsiella","g__Edwardsiella"
"g__Eggerthella","g__Eggerthella"
"g__Eikenella","g__Eikenella"
"g__Emticicia","g__Emticicia"
"g__Enhydrobacter","g__Enhydrobacter"
"g__Enterobacter","g__Enterobacter"
"g__Enterococcus","g__Enterococcus"
"g__Erwinia","g__Erwinia"
"g__Erythromicrobium","g__Erythromicrobium"
"g__Escherichia","g__Escherichia"
"g__Eubacterium","g__Eubacterium"
"g__Eubacterium2","g__Eubacterium2"
"g__Exiguobacterium","g__Exiguobacterium"
"g__Facklamia","g__Facklamia"
"g__Faecalibacterium","g__Faecalibacterium"
"g__Fervidobacterium","g__Fervidobacterium"
"g__Filifactor","g__Filifactor"
"g__Fimbriimonas","g__Fimbriimonas"
"g__Finegoldia","g__Finegoldia"
"g__Flavisolibacter","g__Flavisolibacter"
"g__Flavobacterium","g__Flavobacterium"
"g__Flectobacillus","g__Flectobacillus"
"g__Frigoribacterium","g__Frigoribacterium"
"g__Fructobacillus","g__Fructobacillus"
"g__Fusibacter","g__Fusibacter"
"g__Fusobacterium","g__Fusobacterium"
"g__Gallibacterium","g__Gallibacterium"
"g__Gallionella","g__Gallionella"
"g__Gardnerella","g__Gardnerella"
"g__Gemella","g__Gemella"
"g__Gemmatimonas","g__Gemmatimonas"
"g__Geobacillus","g__Geobacillus"
"g__Geodermatophilus","g__Geodermatophilus"
"g__Georgenia","g__Georgenia"
"g__Geothrix","g__Geothrix"
"g__Glaciecola","g__Glaciecola"
"g__Gordonia","g__Gordonia"
"g__Granulicatella","g__Granulicatella"
"g__Haemophilus","g__Haemophilus"
"g__Helcococcus","g__Helcococcus"
"g__Herbaspirillum","g__Herbaspirillum"
"g__Herminiimonas","g__Herminiimonas"
"g__Herpetosiphon","g__Herpetosiphon"
"g__heteroC45_4W","g__heteroC45_4W"
"g__Holdemania","g__Holdemania"
"g__HTCC","g__HTCC"
"g__Hydrogenophaga","g__Hydrogenophaga"
"g__Hydrogenophilus","g__Hydrogenophilus"
"g__Hymenobacter","g__Hymenobacter"
"g__Hyphomicrobium","g__Hyphomicrobium"
"g__Idiomarina","g__Idiomarina"
"g__Janibacter","g__Janibacter"
"g__Janthinobacterium","g__Janthinobacterium"
"g__Jeotgalicoccus","g__Jeotgalicoccus"
"g__Jiangella","g__Jiangella"
"g__K82","g__K82"
"g__Kaistella","g__Kaistella"
"g__Kaistobacter","g__Kaistobacter"
"g__KD1-23","g__KD1-23"
"g__Kingella","g__Kingella"
"g__Klebsiella","g__Klebsiella"
"g__Kocuria","g__Kocuria"
"g__Lachnobacterium","g__Lachnobacterium"
"g__Lachnospira","g__Lachnospira"
"g__Lactobacillus","g__Lactobacillus"
"g__Lactococcus","g__Lactococcus"
"g__Lampropedia","g__Lampropedia"
"g__Lautropia","g__Lautropia"
"g__Legionella","g__Legionella"
"g__Leptotrichia","g__Leptotrichia"
"g__Leucobacter","g__Leucobacter"
"g__Leuconostoc","g__Leuconostoc"
"g__Leucothrix","g__Leucothrix"
"g__Limnohabitans","g__Limnohabitans"
"g__Luteolibacter","g__Luteolibacter"
"g__Lysinibacillus","g__Lysinibacillus"
"g__Lysobacter","g__Lysobacter"
"g__Macrococcus","g__Macrococcus"
"g__Mannheimia","g__Mannheimia"
"g__Marinomonas","g__Marinomonas"
"g__Megamonas","g__Megamonas"
"g__Megasphaera","g__Megasphaera"
"g__Meiothermus","g__Meiothermus"
"g__Melissococcus","g__Melissococcus"
"g__Mesorhizobium","g__Mesorhizobium"
"g__Methylibium","g__Methylibium"
"g__Methylobacillus","g__Methylobacillus"
"g__Methylobacterium","g__Methylobacterium"
"g__Methylophaga","g__Methylophaga"
"g__Methylotenera","g__Methylotenera"
"g__Microbacterium","g__Microbacterium"
"g__Micrococcus","g__Micrococcus"
"g__Mobiluncus","g__Mobiluncus"
"g__Mogibacterium","g__Mogibacterium"
"g__Moraxella","g__Moraxella"
"g__Morganella","g__Morganella"
"g__Moryella","g__Moryella"
"g__Mycobacterium","g__Mycobacterium"
"g__Mycoplana","g__Mycoplana"
"g__Mycoplasma","g__Mycoplasma"
"g__Myroides","g__Myroides"
"g__Myxococcus","g__Myxococcus"
"g__Negativicoccus","g__Negativicoccus"
"g__Neisseria","g__Neisseria"
"g__Nesterenkonia","g__Nesterenkonia"
"g__Nevskia","g__Nevskia"
"g__Nocardioides","g__Nocardioides"
"g__Novosphingobium","g__Novosphingobium"
"g__Oceanicaulis","g__Oceanicaulis"
"g__Oceanobacillus","g__Oceanobacillus"
"g__Odoribacter","g__Odoribacter"
"g__Oleibacter","g__Oleibacter"
"g__Oligella","g__Oligella"
"g__Olsenella","g__Olsenella"
"g__Opitutus","g__Opitutus"
"g__Oribacterium","g__Oribacterium"
"g__Oscillospira","g__Oscillospira"
"g__Oxalobacter","g__Oxalobacter"
"g__Paenibacillus","g__Paenibacillus"
"g__Paludibacter","g__Paludibacter"
"g__Parabacteroides","g__Parabacteroides"
"g__Paracoccus","g__Paracoccus"
"g__Paraprevotella","g__Paraprevotella"
"g__Parascardovia","g__Parascardovia"
"g__Pasteurella","g__Pasteurella"
"g__Paucibacter","g__Paucibacter"
"g__Pectinatus","g__Pectinatus"
"g__Pediococcus","g__Pediococcus"
"g__Pedobacter","g__Pedobacter"
"g__Pedomicrobium","g__Pedomicrobium"
"g__Peptococcus","g__Peptococcus"
"g__Peptoniphilus","g__Peptoniphilus"
"g__Peptostreptococcus","g__Peptostreptococcus"
"g__Phascolarctobacterium","g__Phascolarctobacterium"
"g__Phenylobacterium","g__Phenylobacterium"
"g__Phycicoccus","g__Phycicoccus"
"g__Phyllobacterium","g__Phyllobacterium"
"g__Pilimelia","g__Pilimelia"
"g__Pirellula","g__Pirellula"
"g__Planococcus","g__Planococcus"
"g__Planomicrobium","g__Planomicrobium"
"g__Plesiomonas","g__Plesiomonas"
"g__Polaromonas","g__Polaromonas"
"g__Polynucleobacter","g__Polynucleobacter"
"g__Porphyromonas","g__Porphyromonas"
"g__Prevotella","g__Prevotella"
"g__Prevotella2","g__Prevotella2"
"g__Prochlorococcus","g__Prochlorococcus"
"g__Propionibacterium","g__Propionibacterium"
"g__Propionivibrio","g__Propionivibrio"
"g__Proteus","g__Proteus"
"g__Providencia","g__Providencia"
"g__Pseudidiomarina","g__Pseudidiomarina"
"g__Pseudoalteromonas","g__Pseudoalteromonas"
"g__Pseudobutyrivibrio","g__Pseudobutyrivibrio"
"g__Pseudoclavibacter","g__Pseudoclavibacter"
"g__Pseudomonas","g__Pseudomonas"
"g__Pseudonocardia","g__Pseudonocardia"
"g__Pseudoramibacter","g__Pseudoramibacter"
"g__Pseudoxanthomonas","g__Pseudoxanthomonas"
"g__Psychrobacter","g__Psychrobacter"
"g__Pullulanibacillus","g__Pullulanibacillus"
"g__Pyramidobacter","g__Pyramidobacter"
"g__Ralstonia","g__Ralstonia"
"g__Ramlibacter","g__Ramlibacter"
"g__Rathayibacter","g__Rathayibacter"
"g__rc4-4","g__rc4-4"
"g__Reinekea","g__Reinekea"
"g__Renibacterium","g__Renibacterium"
"g__RFN20","g__RFN20"
"g__Rheinheimera","g__Rheinheimera"
"g__Rhizobium","g__Rhizobium"
"g__Rhodobaca","g__Rhodobaca"
"g__Rhodobacter","g__Rhodobacter"
"g__Rhodococcus","g__Rhodococcus"
"g__Rhodoferax","g__Rhodoferax"
"g__Rhodoplanes","g__Rhodoplanes"
"g__Rickettsia","g__Rickettsia"
"g__Rikenella","g__Rikenella"
"g__Roseateles","g__Roseateles"
"g__Roseburia","g__Roseburia"
"g__Roseomonas","g__Roseomonas"
"g__Rothia","g__Rothia"
"g__RS62","g__RS62"
"g__Rubrivivax","g__Rubrivivax"
"g__Rubrobacter","g__Rubrobacter"
"g__Ruminobacter","g__Ruminobacter"
"g__Ruminococcus","g__Ruminococcus"
"g__Ruminococcus2","g__Ruminococcus2"
"g__Rummeliibacillus","g__Rummeliibacillus"
"g__Saccharopolyspora","g__Saccharopolyspora"
"g__Salinibacterium","g__Salinibacterium"
"g__Salinicoccus","g__Salinicoccus"
"g__Salinimonas","g__Salinimonas"
"g__Salinispora","g__Salinispora"
"g__Salinivibrio","g__Salinivibrio"
"g__Sanguibacter","g__Sanguibacter"
"g__Sarcina","g__Sarcina"
"g__Schlegelella","g__Schlegelella"
"g__Sejongia","g__Sejongia"
"g__Selenomonas","g__Selenomonas"
"g__Serratia","g__Serratia"
"g__Sharpea","g__Sharpea"
"g__SHD-231","g__SHD-231"
"g__Shewanella","g__Shewanella"
"g__Shuttleworthia","g__Shuttleworthia"
"g__Simplicispira","g__Simplicispira"
"g__Sinomonas","g__Sinomonas"
"g__Skermanella","g__Skermanella"
"g__Slackia","g__Slackia"
"g__Sneathia","g__Sneathia"
"g__Sodalis","g__Sodalis"
"g__Solibacillus","g__Solibacillus"
"g__Solirubrobacter","g__Solirubrobacter"
"g__Sphingobacterium","g__Sphingobacterium"
"g__Sphingobium","g__Sphingobium"
"g__Sphingomonas","g__Sphingomonas"
"g__Sphingopyxis","g__Sphingopyxis"
"g__Spirosoma","g__Spirosoma"
"g__Spongiibacter","g__Spongiibacter"
"g__Sporolactobacillus","g__Sporolactobacillus"
"g__Sporosarcina","g__Sporosarcina"
"g__Staphylococcus","g__Staphylococcus"
"g__Stenotrophomonas","g__Stenotrophomonas"
"g__Streptobacillus","g__Streptobacillus"
"g__Streptococcus","g__Streptococcus"
"g__Streptomyces","g__Streptomyces"
"g__Succiniclasticum","g__Succiniclasticum"
"g__Succinivibrio","g__Succinivibrio"
"g__Sulfuritalea","g__Sulfuritalea"
"g__Sulfurospirillum","g__Sulfurospirillum"
"g__Sutterella","g__Sutterella"
"g__Symbiobacterium","g__Symbiobacterium"
"g__Synergistes","g__Synergistes"
"g__Tepidimonas","g__Tepidimonas"
"g__Terracoccus","g__Terracoccus"
"g__Tetragenococcus","g__Tetragenococcus"
"g__TG5","g__TG5"
"g__Thauera","g__Thauera"
"g__Thermicanus","g__Thermicanus"
"g__Thermoactinomyces","g__Thermoactinomyces"
"g__Thermoanaerobacterium","g__Thermoanaerobacterium"
"g__Thermomonas","g__Thermomonas"
"g__Thermus","g__Thermus"
"g__Thiothrix","g__Thiothrix"
"g__Tolumonas","g__Tolumonas"
"g__Trabulsiella","g__Trabulsiella"
"g__Treponema","g__Treponema"
"g__Trichococcus","g__Trichococcus"
"g__Turicibacter","g__Turicibacter"
"g__Uliginosibacterium","g__Uliginosibacterium"
"g__Ureaplasma","g__Ureaplasma"
"g__Vagococcus","g__Vagococcus"
"g__Varibaculum","g__Varibaculum"
"g__Variovorax","g__Variovorax"
"g__Veillonella","g__Veillonella"
"g__Verminephrobacter","g__Verminephrobacter"
"g__Vibrio","g__Vibrio"
"g__Virgibacillus","g__Virgibacillus"
"g__Vogesella","g__Vogesella"
"g__Volucribacter","g__Volucribacter"
"g__Wautersiella","g__Wautersiella"
"g__Weissella","g__Weissella"
"g__Williamsia","g__Williamsia"
"g__Xylella","g__Xylella"
"g__Yaniella","g__Yaniella"
"g__Yersinia","g__Yersinia"
"g__YRC22","g__YRC22"
"g__Zoogloea","g__Zoogloea"
"s__acidifaciens","s__acidifaciens"
"s__acnes","s__acnes"
"s__adolescentis","s__adolescentis"
"s__aeria","s__aeria"
"s__aerofaciens","s__aerofaciens"
"s__agalactiae","s__agalactiae"
"s__agaradhaerens","s__agaradhaerens"
"s__agilis","s__agilis"
"s__alactolyticus","s__alactolyticus"
"s__alcaligenes","s__alcaligenes"
"s__amazonensis","s__amazonensis"
"s__anaerobius","s__anaerobius"
"s__andropogonis","s__andropogonis"
"s__anginosus","s__anginosus"
"s__animalis","s__animalis"
"s__asaccharolyticus","s__asaccharolyticus"
"s__asahii","s__asahii"
"s__aureum","s__aureum"
"s__aureus","s__aureus"
"s__barengoltzii","s__barengoltzii"
"s__barnesii","s__barnesii"
"s__bifida","s__bifida"
"s__bifidum","s__bifidum"
"s__biforme","s__biforme"
"s__boronitolerans","s__boronitolerans"
"s__bovis","s__bovis"
"s__breve","s__breve"
"s__brevis","s__brevis"
"s__bromii","s__bromii"
"s__butyricum","s__butyricum"
"s__caccae","s__caccae"
"s__callidus","s__callidus"
"s__cambriense","s__cambriense"
"s__caricis","s__caricis"
"s__caseolyticus","s__caseolyticus"
"s__casseliflavus","s__casseliflavus"
"s__catus","s__catus"
"s__celatum","s__celatum"
"s__chocolatum","s__chocolatum"
"s__cinerea","s__cinerea"
"s__citronellolis","s__citronellolis"
"s__coleohominis","s__coleohominis"
"s__copri","s__copri"
"s__coprophilus","s__coprophilus"
"s__cosmopolitanus","s__cosmopolitanus"
"s__costicola","s__costicola"
"s__cowanii","s__cowanii"
"s__criceti","s__criceti"
"s__crispatus","s__crispatus"
"s__cryoconitis","s__cryoconitis"
"s__cylindroides","s__cylindroides"
"s__D168","s__D168"
"s__delafieldii","s__delafieldii"
"s__depolymerans","s__depolymerans"
"s__diminuta","s__diminuta"
"s__dispar","s__dispar"
"s__dispersa","s__dispersa"
"s__distasonis","s__distasonis"
"s__dolichum","s__dolichum"
"s__eggerthii","s__eggerthii"
"s__elsdenii","s__elsdenii"
"s__endodontalis","s__endodontalis"
"s__endophyticus","s__endophyticus"
"s__epidermidis","s__epidermidis"
"s__equi","s__equi"
"s__equorum","s__equorum"
"s__europaeus","s__europaeus"
"s__eutactus","s__eutactus"
"s__faecis","s__faecis"
"s__faecium","s__faecium"
"s__falsenii","s__falsenii"
"s__farmeri","s__farmeri"
"s__fascians","s__fascians"
"s__fetus","s__fetus"
"s__firmus","s__firmus"
"s__flavefaciens","s__flavefaciens"
"s__flexus","s__flexus"
"s__formicigenerans","s__formicigenerans"
"s__formigenes","s__formigenes"
"s__fragi","s__fragi"
"s__fragilis","s__fragilis"
"s__fungiphilus","s__fungiphilus"
"s__fusiformis","s__fusiformis"
"s__gallinarum","s__gallinarum"
"s__geminatus","s__geminatus"
"s__geniculata","s__geniculata"
"s__geothermalis","s__geothermalis"
"s__ginsengihumi","s__ginsengihumi"
"s__gnavus","s__gnavus"
"s__gordonii","s__gordonii"
"s__granulosum","s__granulosum"
"s__guilliermondii","s__guilliermondii"
"s__guillouiae","s__guillouiae"
"s__haemolyticus","s__haemolyticus"
"s__halodenitrificans","s__halodenitrificans"
"s__hamsteri","s__hamsteri"
"s__helcogenes","s__helcogenes"
"s__helveticus","s__helveticus"
"s__hiranonis","s__hiranonis"
"s__horikoshii","s__horikoshii"
"s__hormaechei","s__hormaechei"
"s__humi","s__humi"
"s__hydrogenalis","s__hydrogenalis"
"s__indicum","s__indicum"
"s__indoligenes","s__indoligenes"
"s__iners","s__iners"
"s__infantis","s__infantis"
"s__influenzae","s__influenzae"
"s__intermedia","s__intermedia"
"s__invisus","s__invisus"
"s__jenensis","s__jenensis"
"s__johnsonii","s__johnsonii"
"s__kestanbolensis","s__kestanbolensis"
"s__komagatae","s__komagatae"
"s__kroppenstedtii","s__kroppenstedtii"
"s__leidyia","s__leidyia"
"s__lenta","s__lenta"
"s__limosum","s__limosum"
"s__lividum","s__lividum"
"s__longum","s__longum"
"s__lubricantis","s__lubricantis"
"s__luteciae","s__luteciae"
"s__luteus","s__luteus"
"s__lwoffii","s__lwoffii"
"s__marcescens","s__marcescens"
"s__marincola","s__marincola"
"s__marinus","s__marinus"
"s__maritypicum","s__maritypicum"
"s__massiliense","s__massiliense"
"s__melaninogenica","s__melaninogenica"
"s__mesenteroides","s__mesenteroides"
"s__mexicana","s__mexicana"
"s__micraerophilus","s__micraerophilus"
"s__micronuciformis","s__micronuciformis"
"s__mobilis","s__mobilis"
"s__moorei","s__moorei"
"s__morganii","s__morganii"
"s__mucilaginosa","s__mucilaginosa"
"s__muciniphila","s__muciniphila"
"s__mucosa","s__mucosa"
"s__mucosae","s__mucosae"
"s__multihospitium","s__multihospitium"
"s__multivorum","s__multivorum"
"s__multocida","s__multocida"
"s__muralis","s__muralis"
"s__nanceiensis","s__nanceiensis"
"s__natatoria","s__natatoria"
"s__necrophorum","s__necrophorum"
"s__neonatale","s__neonatale"
"s__neuii","s__neuii"
"s__nigrescens","s__nigrescens"
"s__nitroreducens","s__nitroreducens"
"s__obeum","s__obeum"
"s__obscurus","s__obscurus"
"s__ochracea","s__ochracea"
"s__oleae","s__oleae"
"s__omnicolens","s__omnicolens"
"s__oncorhynchi","s__oncorhynchi"
"s__organophilum","s__organophilum"
"s__ovatus","s__ovatus"
"s__pallens","s__pallens"
"s__paradoxus","s__paradoxus"
"s__parahaemolyticus","s__parahaemolyticus"
"s__parainfluenzae","s__parainfluenzae"
"s__parvula","s__parvula"
"s__paucivorans","s__paucivorans"
"s__perfringens","s__perfringens"
"s__phocae","s__phocae"
"s__plebeius","s__plebeius"
"s__plutonius","s__plutonius"
"s__pontis","s__pontis"
"s__porcinus","s__porcinus"
"s__prausnitzii","s__prausnitzii"
"s__prevotii","s__prevotii"
"s__producta","s__producta"
"s__pseudofirmus","s__pseudofirmus"
"s__pseudolongum","s__pseudolongum"
"s__pseudopneumoniae","s__pseudopneumoniae"
"s__psychrolactophilus","s__psychrolactophilus"
"s__psychrophilum","s__psychrophilum"
"s__psychrophilus","s__psychrophilus"
"s__pulmonis","s__pulmonis"
"s__pyogenes","s__pyogenes"
"s__radiopugnans","s__radiopugnans"
"s__ramosa","s__ramosa"
"s__ramosum","s__ramosum"
"s__rectus","s__rectus"
"s__renale","s__renale"
"s__resinovorum","s__resinovorum"
"s__reuszeri","s__reuszeri"
"s__reuteri","s__reuteri"
"s__rhizosphaerae","s__rhizosphaerae"
"s__rimae","s__rimae"
"s__rubra","s__rubra"
"s__ruminicola","s__ruminicola"
"s__ruminis","s__ruminis"
"s__schindleri","s__schindleri"
"s__sciuri","s__sciuri"
"s__segnis","s__segnis"
"s__selenatarsenatis","s__selenatarsenatis"
"s__shigelloides","s__shigelloides"
"s__silvestris","s__silvestris"
"s__simulans","s__simulans"
"s__sobrinus","s__sobrinus"
"s__stercorea","s__stercorea"
"s__stercoris","s__stercoris"
"s__stutzeri","s__stutzeri"
"s__subterminale","s__subterminale"
"s__succinicans","s__succinicans"
"s__sulfonivorans","s__sulfonivorans"
"s__tannerae","s__tannerae"
"s__Taxon","s__Taxon"
"s__thermacidophilum","s__thermacidophilum"
"s__thermodenitrificans","s__thermodenitrificans"
"s__triviale","s__triviale"
"s__uli","s__uli"
"s__uniformis","s__uniformis"
"s__urealyticum","s__urealyticum"
"s__ureolyticus","s__ureolyticus"
"s__urethralis","s__urethralis"
"s__valvarum","s__valvarum"
"s__variabile","s__variabile"
"s__veronii","s__veronii"
"s__viridiflava","s__viridiflava"
"s__vitis","s__vitis"
"s__vulcani","s__vulcani"
"s__wittichii","s__wittichii"
"s__yabuuchiae","s__yabuuchiae"
"s__zeae","s__zeae"
